image,label
3679.jpg,0
10240.jpg,0
9630.jpg,0
11468.jpg,0
10531.jpg,0
9899.jpg,0
11268.jpg,0
11994.jpg,0
6959.jpg,0
5941.jpg,0
9085.jpg,0
10052.jpg,0
3872.jpg,0
4927.jpg,0
8210.jpg,0
6497.jpg,0
11855.jpg,0
8959.jpg,0
8286.jpg,0
11399.jpg,0
8253.jpg,0
10668.jpg,0
10069.jpg,0
5392.jpg,0
6260.jpg,0
7149.jpg,0
12675.jpg,0
4183.jpg,0
4448.jpg,0
9186.jpg,0
6855.jpg,0
11088.jpg,0
9438.jpg,0
6209.jpg,0
12048.jpg,0
4874.jpg,0
9024.jpg,0
12268.jpg,0
5692.jpg,0
9685.jpg,0
7115.jpg,0
12769.jpg,0
9389.jpg,0
11847.jpg,0
11344.jpg,0
10556.jpg,0
9062.jpg,0
11081.jpg,0
4702.jpg,0
5635.jpg,0
8378.jpg,0
11918.jpg,0
8322.jpg,0
4885.jpg,0
9014.jpg,0
9722.jpg,0
4485.jpg,0
9479.jpg,0
6860.jpg,0
5183.jpg,0
6648.jpg,0
6374.jpg,0
3880.jpg,0
7627.jpg,0
12262.jpg,0
12784.jpg,0
5070.jpg,0
7982.jpg,0
7541.jpg,0
10815.jpg,0
5230.jpg,0
9111.jpg,0
8405.jpg,0
6319.jpg,0
7321.jpg,0
7316.jpg,0
9615.jpg,0
8204.jpg,0
6346.jpg,0
10323.jpg,0
3779.jpg,0
10544.jpg,0
6187.jpg,0
9010.jpg,0
8420.jpg,0
12471.jpg,0
8568.jpg,0
7143.jpg,0
5446.jpg,0
9048.jpg,0
7413.jpg,0
3855.jpg,0
7743.jpg,0
11776.jpg,0
5945.jpg,0
4765.jpg,0
9176.jpg,0
6250.jpg,0
5773.jpg,0
8414.jpg,0
8955.jpg,0
6794.jpg,0
6072.jpg,0
3650.jpg,0
10175.jpg,0
3783.jpg,0
12763.jpg,0
12581.jpg,0
5976.jpg,0
10332.jpg,0
5187.jpg,0
5378.jpg,0
12002.jpg,0
6416.jpg,0
10653.jpg,0
5041.jpg,0
9811.jpg,0
10340.jpg,0
12674.jpg,0
4430.jpg,0
6941.jpg,0
5474.jpg,0
5377.jpg,0
6625.jpg,0
8264.jpg,0
11250.jpg,0
5965.jpg,0
12260.jpg,0
3704.jpg,0
6850.jpg,0
10874.jpg,0
10472.jpg,0
10326.jpg,0
6707.jpg,0
12752.jpg,1
10271.jpg,0
12738.jpg,0
4447.jpg,0
9163.jpg,0
3771.jpg,0
11977.jpg,0
12080.jpg,0
6333.jpg,0
7364.jpg,0
7802.jpg,0
6330.jpg,0
8230.jpg,0
8500.jpg,0
5751.jpg,0
6857.jpg,0
10631.jpg,0
8186.jpg,0
5851.jpg,0
9436.jpg,0
8332.jpg,0
7212.jpg,0
4932.jpg,0
10823.jpg,0
10163.jpg,0
6482.jpg,0
8680.jpg,0
8120.jpg,0
12700.jpg,0
11615.jpg,0
4294.jpg,0
6746.jpg,0
8472.jpg,0
4887.jpg,0
9030.jpg,0
3892.jpg,0
9187.jpg,0
7610.jpg,0
4784.jpg,0
10451.jpg,0
7580.jpg,0
12731.jpg,0
5167.jpg,0
9391.jpg,0
11020.jpg,0
5178.jpg,0
12095.jpg,0
7840.jpg,0
8266.jpg,0
8820.jpg,0
4963.jpg,0
11996.jpg,0
12591.jpg,0
10307.jpg,0
7228.jpg,0
6271.jpg,0
3726.jpg,0
11594.jpg,0
5288.jpg,0
10929.jpg,0
4832.jpg,0
4024.jpg,0
11503.jpg,0
8359.jpg,0
10734.jpg,0
12271.jpg,0
9460.jpg,0
8731.jpg,0
10140.jpg,0
12348.jpg,0
11952.jpg,0
4984.jpg,0
4471.jpg,0
6258.jpg,0
12237.jpg,0
8672.jpg,0
12479.jpg,0
9433.jpg,0
6144.jpg,0
4977.jpg,0
9063.jpg,0
6501.jpg,0
10312.jpg,0
4238.jpg,0
6303.jpg,0
5358.jpg,0
9646.jpg,0
9223.jpg,0
8371.jpg,0
12176.jpg,0
4656.jpg,0
11010.jpg,0
11894.jpg,0
4551.jpg,0
8971.jpg,0
7426.jpg,0
11183.jpg,0
5204.jpg,0
8565.jpg,0
3778.jpg,0
8071.jpg,0
3975.jpg,0
8970.jpg,0
9948.jpg,0
3781.jpg,0
11003.jpg,0
5252.jpg,0
9771.jpg,0
7805.jpg,0
10775.jpg,0
8747.jpg,0
8514.jpg,0
10184.jpg,0
5926.jpg,0
4804.jpg,0
8481.jpg,0
5293.jpg,0
7875.jpg,0
4380.jpg,0
9236.jpg,0
5888.jpg,0
9506.jpg,0
5752.jpg,0
10469.jpg,0
5225.jpg,0
7378.jpg,0
7576.jpg,0
4096.jpg,0
7681.jpg,0
12723.jpg,1
11277.jpg,0
10404.jpg,0
12053.jpg,0
4134.jpg,0
6868.jpg,0
9230.jpg,0
11698.jpg,0
12171.jpg,0
11888.jpg,0
12139.jpg,0
4138.jpg,0
6275.jpg,0
9945.jpg,0
6188.jpg,0
11798.jpg,0
6103.jpg,0
5491.jpg,0
6815.jpg,0
5260.jpg,0
10273.jpg,0
4480.jpg,0
10334.jpg,0
7054.jpg,0
12294.jpg,0
12132.jpg,0
4777.jpg,0
10073.jpg,0
4225.jpg,0
12042.jpg,0
11346.jpg,0
4588.jpg,0
11626.jpg,0
5777.jpg,0
9029.jpg,0
7366.jpg,0
9809.jpg,0
10167.jpg,0
12594.jpg,0
11603.jpg,0
7532.jpg,0
12436.jpg,0
5314.jpg,0
7741.jpg,0
8607.jpg,0
5648.jpg,0
7652.jpg,0
11164.jpg,0
9905.jpg,0
12418.jpg,0
11520.jpg,0
6152.jpg,0
9431.jpg,0
12530.jpg,0
3764.jpg,0
11791.jpg,0
11104.jpg,0
6122.jpg,0
5626.jpg,0
4737.jpg,0
5081.jpg,0
4985.jpg,0
3896.jpg,0
12636.jpg,0
9057.jpg,0
9156.jpg,0
6134.jpg,0
7670.jpg,0
7861.jpg,0
11515.jpg,0
5951.jpg,0
4385.jpg,0
8005.jpg,0
6252.jpg,0
9790.jpg,0
6647.jpg,0
9354.jpg,0
4739.jpg,0
7046.jpg,0
11722.jpg,0
8243.jpg,0
9631.jpg,0
8178.jpg,0
5266.jpg,0
9512.jpg,0
10448.jpg,0
12172.jpg,0
6466.jpg,0
7744.jpg,0
9449.jpg,0
10517.jpg,0
12106.jpg,0
7075.jpg,0
3819.jpg,0
10162.jpg,0
5199.jpg,0
3710.jpg,0
5942.jpg,0
11470.jpg,0
9715.jpg,0
5697.jpg,0
11022.jpg,0
5130.jpg,0
9687.jpg,0
7415.jpg,0
7218.jpg,0
7090.jpg,0
8704.jpg,0
10786.jpg,0
4931.jpg,0
9661.jpg,0
12424.jpg,0
11400.jpg,0
8787.jpg,0
6560.jpg,0
3716.jpg,0
9266.jpg,0
10794.jpg,0
8191.jpg,0
5061.jpg,0
11130.jpg,0
8236.jpg,0
5794.jpg,0
9201.jpg,0
6300.jpg,0
3954.jpg,0
8238.jpg,0
12480.jpg,0
10425.jpg,0
8445.jpg,0
7591.jpg,0
4043.jpg,0
10935.jpg,0
12485.jpg,0
8163.jpg,0
12332.jpg,0
7396.jpg,0
7800.jpg,0
11904.jpg,0
10731.jpg,0
6444.jpg,0
4341.jpg,0
10502.jpg,0
10567.jpg,0
8197.jpg,0
8248.jpg,0
5962.jpg,0
8215.jpg,0
11115.jpg,0
8797.jpg,0
6469.jpg,0
9672.jpg,0
4054.jpg,0
11793.jpg,0
9259.jpg,0
6901.jpg,0
9394.jpg,0
7958.jpg,0
11000.jpg,0
10498.jpg,0
9938.jpg,0
6900.jpg,0
6880.jpg,0
11028.jpg,0
6324.jpg,0
7906.jpg,0
10436.jpg,0
4826.jpg,0
5622.jpg,0
11011.jpg,0
6774.jpg,0
3893.jpg,0
3800.jpg,0
9713.jpg,0
5511.jpg,0
5501.jpg,0
11013.jpg,0
11642.jpg,0
3742.jpg,0
6942.jpg,0
11971.jpg,0
6631.jpg,0
7229.jpg,0
7916.jpg,0
8439.jpg,0
6969.jpg,0
6792.jpg,0
9934.jpg,0
12770.jpg,0
4379.jpg,0
5160.jpg,0
5669.jpg,0
4434.jpg,0
8086.jpg,0
9278.jpg,0
6295.jpg,0
5098.jpg,0
10872.jpg,0
4582.jpg,0
5741.jpg,0
4001.jpg,0
10274.jpg,0
4508.jpg,0
6058.jpg,0
8041.jpg,0
6805.jpg,0
6608.jpg,0
3837.jpg,0
10360.jpg,0
7577.jpg,0
12381.jpg,0
9182.jpg,0
11159.jpg,0
4576.jpg,0
7343.jpg,0
5574.jpg,0
7304.jpg,0
10246.jpg,0
12099.jpg,0
6852.jpg,0
8142.jpg,0
12030.jpg,0
6026.jpg,0
9642.jpg,0
4767.jpg,0
9020.jpg,0
9028.jpg,0
9288.jpg,0
3935.jpg,0
11668.jpg,0
10588.jpg,0
10830.jpg,0
11525.jpg,0
7083.jpg,0
10017.jpg,0
4769.jpg,0
10257.jpg,0
5839.jpg,0
5479.jpg,0
4386.jpg,0
6629.jpg,0
12058.jpg,0
9008.jpg,0
7469.jpg,0
9607.jpg,0
5355.jpg,0
4523.jpg,0
11921.jpg,0
5960.jpg,0
4459.jpg,0
10145.jpg,0
6760.jpg,0
4799.jpg,0
7204.jpg,0
6127.jpg,0
9496.jpg,0
12060.jpg,0
9169.jpg,0
5892.jpg,0
11255.jpg,0
4342.jpg,0
5030.jpg,0
8159.jpg,0
8274.jpg,0
11236.jpg,0
5671.jpg,0
12199.jpg,0
5545.jpg,0
10762.jpg,0
6952.jpg,0
10417.jpg,0
7904.jpg,0
12406.jpg,0
8453.jpg,0
4967.jpg,0
5386.jpg,0
6141.jpg,0
10828.jpg,0
10947.jpg,0
11635.jpg,0
9626.jpg,0
7134.jpg,0
10541.jpg,0
5455.jpg,0
11980.jpg,0
10981.jpg,0
9692.jpg,0
9840.jpg,0
8507.jpg,0
12523.jpg,0
4852.jpg,0
6930.jpg,0
7767.jpg,0
9465.jpg,0
6404.jpg,0
6014.jpg,0
10232.jpg,0
5959.jpg,0
10211.jpg,0
5374.jpg,0
5375.jpg,0
4736.jpg,0
5846.jpg,0
11942.jpg,0
9140.jpg,0
4311.jpg,0
10679.jpg,0
10818.jpg,0
5595.jpg,0
8375.jpg,0
9050.jpg,0
11604.jpg,0
4260.jpg,0
7673.jpg,0
12345.jpg,0
6672.jpg,0
6962.jpg,0
9046.jpg,0
9408.jpg,0
10986.jpg,0
6505.jpg,0
12115.jpg,0
11863.jpg,0
8688.jpg,0
9555.jpg,0
9406.jpg,0
11858.jpg,0
4854.jpg,0
5634.jpg,0
10714.jpg,0
5654.jpg,0
3897.jpg,0
3930.jpg,0
5657.jpg,0
10592.jpg,0
4718.jpg,0
10457.jpg,0
5336.jpg,0
4261.jpg,0
10352.jpg,0
9262.jpg,0
10158.jpg,0
7473.jpg,0
3826.jpg,0
10694.jpg,0
12669.jpg,1
11096.jpg,0
7235.jpg,0
6977.jpg,0
10997.jpg,0
12430.jpg,0
9422.jpg,0
5733.jpg,0
8951.jpg,0
12057.jpg,0
10825.jpg,0
5867.jpg,0
12652.jpg,0
8077.jpg,0
9494.jpg,0
5273.jpg,0
4286.jpg,0
11549.jpg,0
9532.jpg,0
11667.jpg,0
12140.jpg,0
4781.jpg,0
8995.jpg,0
8066.jpg,0
7305.jpg,0
12024.jpg,0
12277.jpg,0
4577.jpg,0
10699.jpg,0
10879.jpg,0
11600.jpg,0
9667.jpg,0
9679.jpg,0
8115.jpg,0
12177.jpg,0
9597.jpg,0
9290.jpg,0
6336.jpg,0
6009.jpg,0
9306.jpg,0
4009.jpg,0
4671.jpg,0
12596.jpg,0
4615.jpg,0
8338.jpg,0
5460.jpg,0
12353.jpg,0
11418.jpg,0
12595.jpg,0
11913.jpg,0
7831.jpg,0
8009.jpg,0
6030.jpg,0
7588.jpg,0
11551.jpg,0
5703.jpg,0
8310.jpg,0
9162.jpg,0
4853.jpg,0
5438.jpg,0
7885.jpg,0
9548.jpg,0
11680.jpg,0
10501.jpg,0
6101.jpg,0
4336.jpg,0
5641.jpg,0
12217.jpg,0
7936.jpg,0
3686.jpg,0
3834.jpg,0
7347.jpg,0
7938.jpg,0
5847.jpg,0
10601.jpg,0
11944.jpg,0
5620.jpg,0
10476.jpg,0
9463.jpg,0
7697.jpg,0
11781.jpg,0
5738.jpg,0
12041.jpg,0
10869.jpg,0
10681.jpg,0
8425.jpg,0
6713.jpg,0
6245.jpg,0
4131.jpg,0
8658.jpg,0
4154.jpg,0
5514.jpg,0
10887.jpg,0
5848.jpg,0
11202.jpg,0
11215.jpg,0
4301.jpg,0
9870.jpg,0
3746.jpg,0
10560.jpg,0
6379.jpg,0
10333.jpg,0
8818.jpg,0
3927.jpg,0
11982.jpg,0
7593.jpg,0
6950.jpg,0
12469.jpg,0
5381.jpg,0
4248.jpg,0
11523.jpg,0
5707.jpg,0
6537.jpg,0
7416.jpg,0
3908.jpg,0
10581.jpg,0
11581.jpg,0
12346.jpg,0
7268.jpg,0
7163.jpg,0
10390.jpg,0
10358.jpg,0
7444.jpg,0
4768.jpg,0
4555.jpg,0
5064.jpg,0
6224.jpg,0
4895.jpg,0
9424.jpg,0
7501.jpg,0
6420.jpg,0
9908.jpg,0
6633.jpg,0
3685.jpg,0
3886.jpg,0
11828.jpg,0
9158.jpg,0
6088.jpg,0
4257.jpg,0
4676.jpg,0
10696.jpg,0
10917.jpg,0
5174.jpg,0
6798.jpg,0
6367.jpg,0
4513.jpg,0
4106.jpg,0
5113.jpg,0
5937.jpg,0
6624.jpg,0
4233.jpg,0
3847.jpg,0
9243.jpg,0
8219.jpg,0
7373.jpg,0
7153.jpg,0
6044.jpg,0
8349.jpg,0
10912.jpg,0
6013.jpg,0
12044.jpg,0
6364.jpg,0
4175.jpg,0
4530.jpg,0
6391.jpg,0
9643.jpg,0
8908.jpg,0
4683.jpg,0
7748.jpg,0
4488.jpg,0
12156.jpg,0
6811.jpg,0
10215.jpg,0
3810.jpg,0
12680.jpg,1
9041.jpg,0
4057.jpg,0
11524.jpg,0
7951.jpg,0
10758.jpg,0
5105.jpg,0
8670.jpg,0
4960.jpg,0
7637.jpg,0
11655.jpg,0
10680.jpg,0
11381.jpg,0
10904.jpg,0
10521.jpg,0
10996.jpg,0
9081.jpg,0
6066.jpg,0
8437.jpg,0
12725.jpg,0
5598.jpg,0
8913.jpg,0
5932.jpg,0
3989.jpg,0
10463.jpg,0
12375.jpg,0
12601.jpg,0
12733.jpg,0
11233.jpg,0
6715.jpg,0
6484.jpg,0
8702.jpg,0
7030.jpg,0
7995.jpg,0
11979.jpg,0
12304.jpg,0
9981.jpg,0
6731.jpg,0
8367.jpg,0
5215.jpg,0
12606.jpg,0
11024.jpg,0
11097.jpg,0
8798.jpg,0
9992.jpg,0
4688.jpg,0
8212.jpg,0
6854.jpg,0
9867.jpg,0
9297.jpg,0
10341.jpg,0
7137.jpg,0
6871.jpg,0
9233.jpg,0
4168.jpg,0
12075.jpg,0
3914.jpg,0
5111.jpg,0
4672.jpg,0
5164.jpg,0
9386.jpg,0
4957.jpg,0
11224.jpg,0
6305.jpg,0
12744.jpg,0
8276.jpg,0
7796.jpg,0
10496.jpg,0
12491.jpg,0
3739.jpg,0
7704.jpg,0
11410.jpg,0
11694.jpg,0
8950.jpg,0
7516.jpg,0
12004.jpg,0
6937.jpg,0
10227.jpg,0
8502.jpg,0
10553.jpg,0
8864.jpg,0
5554.jpg,0
6728.jpg,0
4861.jpg,0
11099.jpg,0
4032.jpg,0
5855.jpg,0
7952.jpg,0
4470.jpg,0
8300.jpg,0
4884.jpg,0
4663.jpg,0
9883.jpg,0
12528.jpg,0
12240.jpg,0
6917.jpg,0
10577.jpg,0
7335.jpg,0
11574.jpg,0
4674.jpg,0
4673.jpg,0
7749.jpg,0
11906.jpg,0
9280.jpg,0
5593.jpg,0
11420.jpg,0
10087.jpg,0
10847.jpg,0
12604.jpg,0
6363.jpg,0
4583.jpg,0
9887.jpg,0
6253.jpg,0
12541.jpg,0
12302.jpg,0
8605.jpg,0
9538.jpg,0
4229.jpg,0
10746.jpg,0
8059.jpg,0
8290.jpg,0
6211.jpg,0
6105.jpg,0
4074.jpg,0
8003.jpg,0
8102.jpg,0
3976.jpg,0
5784.jpg,0
6170.jpg,0
12329.jpg,0
4527.jpg,0
10713.jpg,0
8841.jpg,0
7963.jpg,0
12490.jpg,0
12524.jpg,0
6523.jpg,0
6347.jpg,0
4051.jpg,0
7379.jpg,0
4328.jpg,0
12126.jpg,0
9851.jpg,0
9384.jpg,0
12352.jpg,0
3864.jpg,0
10287.jpg,0
11136.jpg,0
11387.jpg,0
7138.jpg,0
10743.jpg,0
6265.jpg,0
6231.jpg,0
8304.jpg,0
6784.jpg,0
11371.jpg,0
7107.jpg,0
10188.jpg,0
6546.jpg,0
10989.jpg,0
4677.jpg,0
8106.jpg,0
7930.jpg,0
7359.jpg,0
8496.jpg,0
8627.jpg,0
5645.jpg,0
7397.jpg,0
10777.jpg,0
7529.jpg,0
6833.jpg,0
12320.jpg,0
4310.jpg,0
8391.jpg,0
8622.jpg,0
6489.jpg,0
7275.jpg,0
9910.jpg,0
7653.jpg,0
12072.jpg,0
12310.jpg,0
5351.jpg,0
9035.jpg,0
5397.jpg,0
7491.jpg,0
11259.jpg,0
11709.jpg,0
11586.jpg,0
9447.jpg,0
12459.jpg,0
10183.jpg,0
4271.jpg,0
3986.jpg,0
9016.jpg,0
12006.jpg,0
9224.jpg,0
9668.jpg,0
7455.jpg,0
6870.jpg,0
5667.jpg,0
8596.jpg,0
8288.jpg,0
7125.jpg,0
6602.jpg,0
9374.jpg,0
8932.jpg,0
11305.jpg,0
12713.jpg,0
6226.jpg,0
11451.jpg,0
6914.jpg,0
3702.jpg,0
7639.jpg,0
7127.jpg,0
6042.jpg,0
5234.jpg,0
4653.jpg,0
4369.jpg,0
7732.jpg,0
11762.jpg,0
12783.jpg,0
10697.jpg,0
9443.jpg,0
3738.jpg,0
8876.jpg,0
10216.jpg,0
4174.jpg,0
4542.jpg,0
12079.jpg,0
12517.jpg,0
4085.jpg,0
10034.jpg,0
10968.jpg,0
5220.jpg,0
8442.jpg,0
10799.jpg,0
5251.jpg,0
9283.jpg,0
11659.jpg,0
12441.jpg,0
9005.jpg,0
10267.jpg,0
5402.jpg,0
8457.jpg,0
9032.jpg,0
8092.jpg,0
6736.jpg,0
9049.jpg,0
12766.jpg,0
11204.jpg,0
10391.jpg,0
11078.jpg,0
6462.jpg,0
3674.jpg,0
6822.jpg,0
8981.jpg,0
9997.jpg,0
9498.jpg,0
11396.jpg,0
8126.jpg,0
8791.jpg,0
5911.jpg,0
6565.jpg,0
8785.jpg,0
8888.jpg,0
9321.jpg,0
5048.jpg,0
12203.jpg,0
10505.jpg,0
10283.jpg,0
11556.jpg,0
5646.jpg,0
11122.jpg,0
5873.jpg,0
11189.jpg,0
5600.jpg,0
10336.jpg,0
10294.jpg,0
11226.jpg,0
9612.jpg,0
10585.jpg,0
8928.jpg,0
11815.jpg,0
5513.jpg,0
3833.jpg,0
9340.jpg,0
10542.jpg,0
4335.jpg,0
5632.jpg,0
7245.jpg,0
4942.jpg,0
5778.jpg,0
8778.jpg,0
8170.jpg,0
6151.jpg,0
4496.jpg,0
5940.jpg,0
3817.jpg,0
9801.jpg,0
3848.jpg,0
7349.jpg,0
5406.jpg,0
11687.jpg,0
5885.jpg,0
11957.jpg,0
11339.jpg,0
11482.jpg,0
11697.jpg,0
11082.jpg,0
11414.jpg,0
11364.jpg,0
6576.jpg,0
4697.jpg,0
11272.jpg,0
11112.jpg,0
10899.jpg,0
7648.jpg,0
5345.jpg,0
7483.jpg,0
7551.jpg,0
7586.jpg,0
11703.jpg,0
12560.jpg,0
11623.jpg,0
4388.jpg,0
7935.jpg,0
4571.jpg,0
9560.jpg,0
8360.jpg,0
6578.jpg,0
4870.jpg,0
7474.jpg,0
5141.jpg,0
5342.jpg,0
7799.jpg,0
7694.jpg,0
8447.jpg,0
12456.jpg,0
5835.jpg,0
3711.jpg,0
12200.jpg,0
9647.jpg,0
7354.jpg,0
10972.jpg,0
7352.jpg,0
4235.jpg,0
10223.jpg,0
4841.jpg,0
9311.jpg,0
4458.jpg,0
6291.jpg,0
8377.jpg,0
11179.jpg,0
4135.jpg,0
7651.jpg,0
5633.jpg,0
12678.jpg,0
12396.jpg,0
8693.jpg,0
9813.jpg,0
4419.jpg,0
8799.jpg,0
9589.jpg,0
6908.jpg,0
6534.jpg,0
11190.jpg,0
11850.jpg,0
10873.jpg,0
12656.jpg,0
5807.jpg,0
9767.jpg,0
12559.jpg,0
10095.jpg,0
10031.jpg,0
4264.jpg,0
9613.jpg,0
11934.jpg,0
12540.jpg,0
9464.jpg,0
9590.jpg,0
10419.jpg,0
8935.jpg,0
12270.jpg,0
12333.jpg,0
10525.jpg,0
5243.jpg,0
7095.jpg,0
5877.jpg,0
9213.jpg,0
7270.jpg,0
3799.jpg,0
10716.jpg,0
5088.jpg,0
9852.jpg,0
12241.jpg,0
5416.jpg,0
10985.jpg,0
5198.jpg,0
4535.jpg,0
6878.jpg,0
5650.jpg,0
12195.jpg,0
11809.jpg,0
6961.jpg,0
3873.jpg,0
9012.jpg,0
9619.jpg,0
7322.jpg,0
9082.jpg,0
10607.jpg,0
7456.jpg,0
4303.jpg,0
9410.jpg,0
12196.jpg,0
6668.jpg,0
9944.jpg,0
8549.jpg,0
10490.jpg,0
3967.jpg,0
6656.jpg,0
7753.jpg,0
7345.jpg,0
7209.jpg,0
4776.jpg,0
7914.jpg,0
12708.jpg,1
6879.jpg,0
7318.jpg,0
10938.jpg,0
11196.jpg,0
8759.jpg,0
4432.jpg,0
7578.jpg,0
6198.jpg,0
11993.jpg,0
5763.jpg,0
4164.jpg,0
8353.jpg,0
8330.jpg,0
7044.jpg,0
4712.jpg,0
5210.jpg,0
6214.jpg,0
10117.jpg,0
9976.jpg,0
4383.jpg,0
10557.jpg,0
9931.jpg,0
5822.jpg,0
6740.jpg,0
4629.jpg,0
5711.jpg,0
5629.jpg,0
11002.jpg,0
10134.jpg,0
6496.jpg,0
7620.jpg,0
9677.jpg,0
10074.jpg,0
12552.jpg,0
7944.jpg,0
7498.jpg,0
6062.jpg,0
12466.jpg,0
9625.jpg,0
4417.jpg,0
8567.jpg,0
11707.jpg,0
6196.jpg,0
10231.jpg,0
4358.jpg,0
11882.jpg,0
10673.jpg,0
9382.jpg,0
9183.jpg,0
6910.jpg,0
7763.jpg,0
9693.jpg,0
8692.jpg,0
12334.jpg,0
5893.jpg,0
4449.jpg,0
9314.jpg,0
11462.jpg,0
6750.jpg,0
9717.jpg,0
10304.jpg,0
11407.jpg,0
5492.jpg,0
8090.jpg,0
6344.jpg,0
11578.jpg,0
4517.jpg,0
12692.jpg,0
5831.jpg,0
11195.jpg,0
8410.jpg,0
3684.jpg,0
11287.jpg,0
5694.jpg,0
4113.jpg,0
5750.jpg,0
8539.jpg,0
11617.jpg,0
6547.jpg,0
10589.jpg,0
12113.jpg,0
9461.jpg,0
8701.jpg,0
10459.jpg,0
11032.jpg,0
11053.jpg,0
5615.jpg,0
12798.jpg,0
11591.jpg,0
9042.jpg,0
11445.jpg,0
11452.jpg,0
5563.jpg,0
5324.jpg,0
11270.jpg,0
11873.jpg,0
12064.jpg,0
8580.jpg,0
10012.jpg,0
4309.jpg,0
10718.jpg,0
4727.jpg,0
7079.jpg,0
10384.jpg,0
6847.jpg,0
4296.jpg,0
11725.jpg,0
9829.jpg,0
10160.jpg,0
7113.jpg,0
5520.jpg,0
11780.jpg,0
7680.jpg,0
9450.jpg,0
4367.jpg,0
3737.jpg,0
7380.jpg,0
10538.jpg,0
12772.jpg,0
6216.jpg,0
5201.jpg,0
3925.jpg,0
6856.jpg,0
11899.jpg,0
6129.jpg,0
8018.jpg,0
8478.jpg,0
11681.jpg,0
7205.jpg,0
3950.jpg,0
10885.jpg,0
7121.jpg,0
9669.jpg,0
7032.jpg,0
10111.jpg,0
10301.jpg,0
11184.jpg,0
5549.jpg,0
5179.jpg,0
8311.jpg,0
10875.jpg,0
4846.jpg,0
5946.jpg,0
3751.jpg,0
12803.jpg,0
6328.jpg,0
5870.jpg,0
8602.jpg,0
5373.jpg,0
7984.jpg,0
6592.jpg,0
6384.jpg,0
5058.jpg,0
8893.jpg,0
11030.jpg,0
12682.jpg,0
7754.jpg,0
9696.jpg,0
9804.jpg,0
10494.jpg,0
8190.jpg,0
12019.jpg,0
4184.jpg,0
8363.jpg,0
5193.jpg,0
9996.jpg,0
11731.jpg,0
10293.jpg,0
3695.jpg,0
10429.jpg,0
4263.jpg,0
4754.jpg,0
12417.jpg,0
6283.jpg,0
6998.jpg,0
4276.jpg,0
5766.jpg,0
12279.jpg,0
8649.jpg,0
6273.jpg,0
5332.jpg,0
10536.jpg,0
6169.jpg,0
4124.jpg,0
5562.jpg,0
8648.jpg,0
12362.jpg,0
6049.jpg,0
6929.jpg,0
6559.jpg,0
6464.jpg,0
5231.jpg,0
8164.jpg,0
8872.jpg,0
10018.jpg,0
4413.jpg,0
11972.jpg,0
4104.jpg,0
5057.jpg,0
4320.jpg,0
7788.jpg,0
6844.jpg,0
6708.jpg,0
9542.jpg,0
10620.jpg,0
4900.jpg,0
9831.jpg,0
10753.jpg,0
4149.jpg,0
10141.jpg,0
11548.jpg,0
6429.jpg,0
5297.jpg,0
6035.jpg,0
5216.jpg,0
10840.jpg,0
12494.jpg,0
7269.jpg,0
12146.jpg,0
7880.jpg,0
7514.jpg,0
8194.jpg,0
5235.jpg,0
7451.jpg,0
12676.jpg,1
9803.jpg,0
9645.jpg,0
9614.jpg,0
8809.jpg,0
4920.jpg,0
4000.jpg,0
9783.jpg,0
10243.jpg,0
9567.jpg,0
3879.jpg,0
8207.jpg,0
11565.jpg,0
10870.jpg,0
7404.jpg,0
8690.jpg,0
4616.jpg,0
12150.jpg,0
11300.jpg,0
11607.jpg,0
11978.jpg,0
4478.jpg,0
5589.jpg,0
5542.jpg,0
5552.jpg,0
6965.jpg,0
6536.jpg,0
3806.jpg,0
6402.jpg,0
6125.jpg,0
11235.jpg,0
7910.jpg,0
7611.jpg,0
8299.jpg,0
5656.jpg,0
4489.jpg,0
4268.jpg,0
7940.jpg,0
10119.jpg,0
4962.jpg,0
10201.jpg,0
7007.jpg,0
12759.jpg,0
11347.jpg,0
12475.jpg,0
8777.jpg,0
9675.jpg,0
3705.jpg,0
6890.jpg,0
12322.jpg,0
6222.jpg,0
9807.jpg,0
5181.jpg,0
12335.jpg,0
11291.jpg,0
12433.jpg,0
10473.jpg,0
11083.jpg,0
9238.jpg,0
8161.jpg,0
5411.jpg,0
7309.jpg,0
6585.jpg,0
12290.jpg,0
8695.jpg,0
12367.jpg,0
10571.jpg,0
12575.jpg,0
10262.jpg,0
6521.jpg,0
6401.jpg,0
6036.jpg,0
4498.jpg,0
3968.jpg,0
8154.jpg,0
4997.jpg,0
6710.jpg,0
9273.jpg,0
10609.jpg,0
7315.jpg,0
6104.jpg,0
12321.jpg,0
8402.jpg,0
3722.jpg,0
11213.jpg,0
9281.jpg,0
3785.jpg,0
12767.jpg,0
11651.jpg,0
8348.jpg,0
6240.jpg,0
5895.jpg,0
4426.jpg,0
12313.jpg,0
10395.jpg,0
10549.jpg,0
9393.jpg,0
10796.jpg,0
9823.jpg,0
7509.jpg,0
11143.jpg,0
7634.jpg,0
5984.jpg,0
6202.jpg,0
6353.jpg,0
11536.jpg,0
11619.jpg,0
8795.jpg,0
6954.jpg,0
10856.jpg,0
9157.jpg,0
5363.jpg,0
11572.jpg,0
5681.jpg,0
6719.jpg,0
9738.jpg,0
8868.jpg,0
7608.jpg,0
6589.jpg,0
4014.jpg,0
10238.jpg,0
8354.jpg,0
12796.jpg,0
9204.jpg,0
6905.jpg,0
11754.jpg,0
11665.jpg,0
3894.jpg,0
10804.jpg,0
9364.jpg,0
9502.jpg,0
4956.jpg,0
7497.jpg,0
5979.jpg,0
12679.jpg,0
12092.jpg,0
9388.jpg,0
11170.jpg,0
5399.jpg,0
8451.jpg,0
12458.jpg,0
6437.jpg,0
7479.jpg,0
3906.jpg,0
11157.jpg,0
5012.jpg,0
6673.jpg,0
4545.jpg,0
4115.jpg,0
9404.jpg,0
5172.jpg,0
5884.jpg,0
10251.jpg,0
4223.jpg,0
7832.jpg,0
11220.jpg,0
12287.jpg,0
8585.jpg,0
5579.jpg,0
10331.jpg,0
4525.jpg,0
4119.jpg,0
4467.jpg,0
8347.jpg,0
4631.jpg,0
4349.jpg,0
6539.jpg,0
7646.jpg,0
11891.jpg,0
4991.jpg,0
5610.jpg,0
8068.jpg,0
10464.jpg,0
5705.jpg,0
11616.jpg,0
11500.jpg,0
4668.jpg,0
9220.jpg,0
9681.jpg,0
5796.jpg,0
4568.jpg,0
4463.jpg,0
4682.jpg,0
4724.jpg,0
6343.jpg,0
12023.jpg,0
8473.jpg,0
5150.jpg,0
12518.jpg,0
6646.jpg,0
7303.jpg,0
12462.jpg,0
10367.jpg,0
3910.jpg,0
9215.jpg,0
9540.jpg,0
11051.jpg,0
7064.jpg,0
12184.jpg,0
7371.jpg,0
12741.jpg,0
12052.jpg,0
7048.jpg,0
7810.jpg,0
8149.jpg,0
9637.jpg,0
4620.jpg,0
5737.jpg,0
4105.jpg,0
11252.jpg,0
10422.jpg,0
11636.jpg,0
10023.jpg,0
10779.jpg,0
12434.jpg,0
9208.jpg,0
5863.jpg,0
11165.jpg,0
4553.jpg,0
10370.jpg,0
12182.jpg,0
6603.jpg,0
10729.jpg,0
9101.jpg,0
6378.jpg,0
10394.jpg,0
5570.jpg,0
12295.jpg,0
9727.jpg,0
9454.jpg,0
11601.jpg,0
5066.jpg,0
5764.jpg,0
3809.jpg,0
10787.jpg,0
9240.jpg,0
3877.jpg,0
6034.jpg,0
5410.jpg,0
11033.jpg,0
11439.jpg,0
9907.jpg,0
6683.jpg,0
7157.jpg,0
4863.jpg,0
6626.jpg,0
5115.jpg,0
8000.jpg,0
10045.jpg,0
7942.jpg,0
9844.jpg,0
7883.jpg,0
5326.jpg,0
4479.jpg,0
4457.jpg,0
10626.jpg,0
9077.jpg,0
4934.jpg,0
4287.jpg,0
10702.jpg,0
4258.jpg,0
6862.jpg,0
9352.jpg,0
5986.jpg,0
4953.jpg,0
6996.jpg,0
9621.jpg,0
4622.jpg,0
12410.jpg,0
11865.jpg,0
3811.jpg,0
6873.jpg,0
4876.jpg,0
11261.jpg,0
4037.jpg,0
8309.jpg,0
9423.jpg,0
12550.jpg,0
4844.jpg,0
4254.jpg,0
9249.jpg,0
10166.jpg,0
9584.jpg,0
9381.jpg,0
12633.jpg,0
7391.jpg,0
10834.jpg,0
11775.jpg,0
10934.jpg,0
12511.jpg,0
8859.jpg,0
9339.jpg,0
10951.jpg,0
11333.jpg,0
10575.jpg,0
6342.jpg,0
8339.jpg,0
8957.jpg,0
7114.jpg,0
6802.jpg,0
5812.jpg,0
3696.jpg,0
7437.jpg,0
10397.jpg,0
12532.jpg,0
8326.jpg,0
12142.jpg,0
9854.jpg,0
11087.jpg,0
8072.jpg,0
8011.jpg,0
5075.jpg,0
5131.jpg,0
7761.jpg,0
9755.jpg,0
10627.jpg,0
12426.jpg,0
7960.jpg,0
10195.jpg,0
9330.jpg,0
9889.jpg,0
4484.jpg,0
6261.jpg,0
11394.jpg,0
11759.jpg,0
4547.jpg,0
6073.jpg,0
9001.jpg,0
10467.jpg,0
9875.jpg,0
8125.jpg,0
9877.jpg,0
5871.jpg,0
10354.jpg,0
9317.jpg,0
10533.jpg,0
9961.jpg,0
6477.jpg,0
4143.jpg,0
11969.jpg,0
11386.jpg,0
8920.jpg,0
9749.jpg,0
7953.jpg,0
8952.jpg,0
3665.jpg,0
7719.jpg,0
10735.jpg,0
7874.jpg,0
6502.jpg,0
11306.jpg,0
9728.jpg,0
9609.jpg,0
6956.jpg,0
10191.jpg,0
3794.jpg,0
8023.jpg,0
10883.jpg,0
5029.jpg,0
9750.jpg,0
6078.jpg,0
5954.jpg,0
12054.jpg,0
8606.jpg,0
5331.jpg,0
5339.jpg,0
7682.jpg,0
11875.jpg,0
9695.jpg,0
5224.jpg,0
7534.jpg,0
7232.jpg,0
10789.jpg,0
12477.jpg,0
12361.jpg,0
5585.jpg,0
10100.jpg,0
6687.jpg,0
7176.jpg,0
9810.jpg,0
10733.jpg,0
9914.jpg,0
12537.jpg,0
7442.jpg,0
6638.jpg,0
5623.jpg,0
5745.jpg,0
5559.jpg,0
8242.jpg,0
12398.jpg,0
4516.jpg,0
11566.jpg,0
11838.jpg,0
4140.jpg,0
11492.jpg,0
12416.jpg,0
9090.jpg,0
12671.jpg,0
8796.jpg,0
7448.jpg,0
11813.jpg,0
9752.jpg,0
7709.jpg,0
12109.jpg,0
6409.jpg,0
3682.jpg,0
7584.jpg,0
6361.jpg,0
11372.jpg,0
8523.jpg,0
10827.jpg,0
3961.jpg,0
12373.jpg,0
11531.jpg,0
6987.jpg,0
11041.jpg,0
8781.jpg,0
12786.jpg,0
11643.jpg,0
5074.jpg,0
10110.jpg,0
4103.jpg,0
5754.jpg,0
8487.jpg,0
12364.jpg,0
8983.jpg,0
8775.jpg,0
6916.jpg,0
9628.jpg,0
12165.jpg,0
7846.jpg,0
11279.jpg,0
9849.jpg,0
9462.jpg,0
5858.jpg,0
12800.jpg,0
9252.jpg,0
5896.jpg,0
5802.jpg,0
4075.jpg,0
7967.jpg,0
6289.jpg,0
7707.jpg,0
12765.jpg,0
12683.jpg,0
9342.jpg,0
7599.jpg,0
10030.jpg,0
9652.jpg,0
7895.jpg,0
6530.jpg,0
6557.jpg,0
9925.jpg,0
8776.jpg,0
12066.jpg,0
8892.jpg,0
9112.jpg,0
10555.jpg,0
11421.jpg,0
8335.jpg,0
4146.jpg,0
11178.jpg,0
4078.jpg,0
10506.jpg,0
6287.jpg,0
3845.jpg,0
11684.jpg,0
8869.jpg,0
4192.jpg,0
9292.jpg,0
10657.jpg,0
9400.jpg,0
12025.jpg,0
4983.jpg,0
10125.jpg,0
11563.jpg,0
11645.jpg,0
7253.jpg,0
4500.jpg,0
12653.jpg,0
10355.jpg,0
10316.jpg,0
7005.jpg,0
12451.jpg,0
7714.jpg,0
11349.jpg,0
11895.jpg,0
4289.jpg,0
8714.jpg,0
11389.jpg,0
7454.jpg,0
8117.jpg,0
11253.jpg,0
8454.jpg,0
8055.jpg,0
6380.jpg,0
4698.jpg,0
9026.jpg,0
7419.jpg,0
5805.jpg,0
9608.jpg,0
8537.jpg,0
8350.jpg,0
12380.jpg,0
8379.jpg,0
9742.jpg,0
11988.jpg,0
4316.jpg,0
8369.jpg,0
9977.jpg,0
8499.jpg,0
7997.jpg,0
7155.jpg,0
5462.jpg,0
5989.jpg,0
12673.jpg,1
6414.jpg,0
8756.jpg,0
9173.jpg,0
8684.jpg,0
5913.jpg,0
6549.jpg,0
10416.jpg,0
9165.jpg,0
5845.jpg,0
11879.jpg,0
6418.jpg,0
9940.jpg,0
12703.jpg,1
10202.jpg,0
11256.jpg,0
10527.jpg,0
7180.jpg,0
4222.jpg,0
12102.jpg,0
10118.jpg,0
10485.jpg,0
5660.jpg,0
6569.jpg,0
10136.jpg,0
7872.jpg,0
4670.jpg,0
9126.jpg,0
4046.jpg,0
5809.jpg,0
6428.jpg,0
10407.jpg,0
11160.jpg,0
6382.jpg,0
6199.jpg,0
11388.jpg,0
4237.jpg,0
8320.jpg,0
10002.jpg,0
5931.jpg,0
5422.jpg,0
8138.jpg,0
12286.jpg,0
4952.jpg,0
11965.jpg,0
11472.jpg,0
9495.jpg,0
9307.jpg,0
7537.jpg,0
6932.jpg,0
3945.jpg,0
7841.jpg,0
8416.jpg,0
4812.jpg,0
9866.jpg,0
4659.jpg,0
9533.jpg,0
11706.jpg,0
5910.jpg,0
12008.jpg,0
10442.jpg,0
4843.jpg,0
4283.jpg,0
6825.jpg,0
5429.jpg,0
12694.jpg,0
9514.jpg,0
5459.jpg,0
9526.jpg,0
12755.jpg,1
12510.jpg,0
5069.jpg,0
10882.jpg,0
8315.jpg,0
8153.jpg,0
5277.jpg,0
10041.jpg,0
4664.jpg,0
9396.jpg,0
6331.jpg,0
6657.jpg,0
4460.jpg,0
11932.jpg,0
9890.jpg,0
7484.jpg,0
7225.jpg,0
9065.jpg,0
7034.jpg,0
7068.jpg,0
10683.jpg,0
4792.jpg,0
4384.jpg,0
11273.jpg,0
8206.jpg,0
3649.jpg,0
11135.jpg,0
10090.jpg,0
6788.jpg,0
4933.jpg,0
6400.jpg,0
9190.jpg,0
12071.jpg,0
3786.jpg,0
9074.jpg,0
10039.jpg,0
4936.jpg,0
7104.jpg,0
7978.jpg,0
9045.jpg,0
10587.jpg,0
9429.jpg,0
11666.jpg,0
11102.jpg,0
6885.jpg,0
6266.jpg,0
8166.jpg,0
7069.jpg,0
6814.jpg,0
6529.jpg,0
9248.jpg,0
6491.jpg,0
6947.jpg,0
8293.jpg,0
5936.jpg,0
12405.jpg,0
12337.jpg,0
8917.jpg,0
12660.jpg,0
5270.jpg,0
6940.jpg,0
11766.jpg,0
3678.jpg,0
5000.jpg,0
9682.jpg,0
12061.jpg,0
9455.jpg,0
10029.jpg,0
5350.jpg,0
5706.jpg,0
10337.jpg,0
4975.jpg,0
9923.jpg,0
5581.jpg,0
8919.jpg,0
10276.jpg,0
10859.jpg,0
12504.jpg,0
8754.jpg,0
10782.jpg,0
11513.jpg,0
7198.jpg,0
8134.jpg,0
5994.jpg,0
9835.jpg,0
7548.jpg,0
7236.jpg,0
11948.jpg,0
3889.jpg,0
11257.jpg,0
8812.jpg,0
5415.jpg,0
11321.jpg,0
11490.jpg,0
4638.jpg,0
7570.jpg,0
10066.jpg,0
5618.jpg,0
9859.jpg,0
12086.jpg,0
11896.jpg,0
5535.jpg,0
12688.jpg,1
5296.jpg,0
7478.jpg,0
6500.jpg,0
9640.jpg,0
10205.jpg,0
11241.jpg,0
4205.jpg,0
12378.jpg,0
4324.jpg,0
5330.jpg,0
7436.jpg,0
8270.jpg,0
11429.jpg,0
5817.jpg,0
7261.jpg,0
4608.jpg,0
11295.jpg,0
7937.jpg,0
6601.jpg,0
12074.jpg,0
6643.jpg,0
9380.jpg,0
7017.jpg,0
12323.jpg,0
11443.jpg,0
7828.jpg,0
7596.jpg,0
10124.jpg,0
4443.jpg,0
10123.jpg,0
8825.jpg,0
6711.jpg,0
4021.jpg,0
8301.jpg,0
4410.jpg,0
6730.jpg,0
8967.jpg,0
11106.jpg,0
5394.jpg,0
4139.jpg,0
8143.jpg,0
8581.jpg,0
10976.jpg,0
10995.jpg,0
10427.jpg,0
5247.jpg,0
9616.jpg,0
3694.jpg,0
10484.jpg,0
3947.jpg,0
5774.jpg,0
10075.jpg,0
7933.jpg,0
9197.jpg,0
9904.jpg,0
4760.jpg,0
5271.jpg,0
11004.jpg,0
4562.jpg,0
6435.jpg,0
6535.jpg,0
6780.jpg,0
7946.jpg,0
12386.jpg,0
12792.jpg,0
11538.jpg,0
3863.jpg,0
9680.jpg,0
7687.jpg,0
4424.jpg,0
7481.jpg,0
8241.jpg,0
5191.jpg,0
9982.jpg,0
7679.jpg,0
3654.jpg,0
10098.jpg,0
10462.jpg,0
10774.jpg,0
12404.jpg,0
9068.jpg,0
8078.jpg,0
9392.jpg,0
12336.jpg,0
12644.jpg,0
9581.jpg,0
8520.jpg,0
7664.jpg,0
8228.jpg,0
4350.jpg,0
9789.jpg,0
6800.jpg,0
5458.jpg,0
10832.jpg,0
8529.jpg,0
7847.jpg,0
5857.jpg,0
9376.jpg,0
11817.jpg,0
7409.jpg,0
5477.jpg,0
5996.jpg,0
8450.jpg,0
4600.jpg,0
6553.jpg,0
4883.jpg,0
8351.jpg,0
12125.jpg,0
12016.jpg,0
6785.jpg,0
7879.jpg,0
9706.jpg,0
8561.jpg,0
4711.jpg,0
6543.jpg,0
6117.jpg,0
8968.jpg,0
10380.jpg,0
12431.jpg,0
11341.jpg,0
5253.jpg,0
10751.jpg,0
4922.jpg,0
10219.jpg,0
11729.jpg,0
4610.jpg,0
9604.jpg,0
11225.jpg,0
7838.jpg,0
9124.jpg,0
9694.jpg,0
7433.jpg,0
3744.jpg,0
10248.jpg,0
6479.jpg,0
6575.jpg,0
10639.jpg,0
5494.jpg,0
7772.jpg,0
7242.jpg,0
12407.jpg,0
6096.jpg,0
8396.jpg,0
4605.jpg,0
10742.jpg,0
5916.jpg,0
4601.jpg,0
4036.jpg,0
7047.jpg,0
11741.jpg,0
12135.jpg,0
12206.jpg,0
11658.jpg,0
3949.jpg,0
6766.jpg,0
6924.jpg,0
6894.jpg,0
4624.jpg,0
3854.jpg,0
8048.jpg,0
5776.jpg,0
7706.jpg,0
11276.jpg,0
10213.jpg,0
5197.jpg,0
11812.jpg,0
9691.jpg,0
12168.jpg,0
8926.jpg,0
4756.jpg,0
3934.jpg,0
5019.jpg,0
9799.jpg,0
10487.jpg,0
8769.jpg,0
5396.jpg,0
9528.jpg,0
9954.jpg,0
4604.jpg,0
9177.jpg,0
10289.jpg,0
4924.jpg,0
8103.jpg,0
7966.jpg,0
12208.jpg,0
12116.jpg,0
4858.jpg,0
12314.jpg,0
4556.jpg,0
7891.jpg,0
11120.jpg,0
10606.jpg,0
10144.jpg,0
4800.jpg,0
12690.jpg,0
9387.jpg,0
8185.jpg,0
8856.jpg,0
5250.jpg,0
9710.jpg,0
3881.jpg,0
3683.jpg,0
10826.jpg,0
7594.jpg,0
7496.jpg,0
11683.jpg,0
8894.jpg,0
4909.jpg,0
3775.jpg,0
7472.jpg,0
10975.jpg,0
6846.jpg,0
4039.jpg,0
9276.jpg,0
5920.jpg,0
8707.jpg,0
4116.jpg,0
5849.jpg,0
10593.jpg,0
4331.jpg,0
12311.jpg,0
7258.jpg,0
4404.jpg,0
4456.jpg,0
5414.jpg,0
11937.jpg,0
9655.jpg,0
3790.jpg,0
3648.jpg,0
7043.jpg,0
11436.jpg,0
10797.jpg,0
9583.jpg,0
10115.jpg,0
12728.jpg,0
5868.jpg,0
11943.jpg,0
5487.jpg,0
9164.jpg,0
12612.jpg,0
6988.jpg,0
10196.jpg,0
9219.jpg,0
11448.jpg,0
10435.jpg,0
7257.jpg,0
11477.jpg,0
4591.jpg,0
7045.jpg,0
5798.jpg,0
6644.jpg,0
4650.jpg,0
7250.jpg,0
5541.jpg,0
5159.jpg,0
4473.jpg,0
12751.jpg,0
11155.jpg,0
8711.jpg,0
5767.jpg,0
10618.jpg,0
6778.jpg,0
11998.jpg,0
5497.jpg,0
7001.jpg,0
11103.jpg,0
7793.jpg,0
4197.jpg,0
5214.jpg,0
12585.jpg,1
5043.jpg,0
8844.jpg,0
10754.jpg,0
5747.jpg,0
8631.jpg,0
6208.jpg,0
9128.jpg,0
9399.jpg,0
10674.jpg,0
4207.jpg,0
5815.jpg,0
5929.jpg,0
10603.jpg,0
8116.jpg,0
11844.jpg,0
8211.jpg,0
7386.jpg,0
8861.jpg,0
11357.jpg,0
7243.jpg,0
5040.jpg,0
7170.jpg,0
8032.jpg,0
5834.jpg,0
11824.jpg,0
8458.jpg,0
6604.jpg,0
9138.jpg,0
11558.jpg,0
8063.jpg,0
8267.jpg,0
8554.jpg,0
6067.jpg,0
5468.jpg,0
10537.jpg,0
11629.jpg,0
10061.jpg,0
4218.jpg,0
3909.jpg,0
9508.jpg,0
4020.jpg,0
7792.jpg,0
5684.jpg,0
12014.jpg,0
10222.jpg,0
7830.jpg,0
6433.jpg,0
6872.jpg,0
5551.jpg,0
10047.jpg,0
8738.jpg,0
7038.jpg,0
12544.jpg,0
9482.jpg,0
8246.jpg,0
10948.jpg,0
12454.jpg,0
5630.jpg,0
4483.jpg,0
9444.jpg,0
8850.jpg,0
4879.jpg,0
12013.jpg,0
11577.jpg,0
6692.jpg,0
11625.jpg,0
6991.jpg,0
8282.jpg,0
7223.jpg,0
9972.jpg,0
8724.jpg,0
4006.jpg,0
12753.jpg,0
4877.jpg,0
11055.jpg,0
11219.jpg,0
8594.jpg,0
6176.jpg,0
4742.jpg,0
12283.jpg,0
12558.jpg,0
8344.jpg,0
5147.jpg,0
11047.jpg,0
9234.jpg,0
4362.jpg,0
10114.jpg,0
11023.jpg,0
5168.jpg,0
7768.jpg,0
11806.jpg,0
4454.jpg,0
9302.jpg,0
5158.jpg,0
7074.jpg,0
6628.jpg,0
11941.jpg,0
6823.jpg,0
7908.jpg,0
8112.jpg,0
9785.jpg,0
11639.jpg,0
12460.jpg,0
4780.jpg,0
12715.jpg,0
12808.jpg,0
5557.jpg,0
12018.jpg,0
8679.jpg,0
6335.jpg,0
9624.jpg,0
12084.jpg,0
7463.jpg,0
8173.jpg,0
9536.jpg,0
12221.jpg,0
5068.jpg,0
8882.jpg,0
11583.jpg,0
7717.jpg,0
5974.jpg,0
6081.jpg,0
9606.jpg,0
9231.jpg,0
11109.jpg,0
12276.jpg,0
4613.jpg,0
10928.jpg,0
5611.jpg,0
4536.jpg,0
10612.jpg,0
4040.jpg,0
5094.jpg,0
4710.jpg,0
12788.jpg,0
5854.jpg,0
4950.jpg,0
10157.jpg,0
6452.jpg,0
10228.jpg,0
12050.jpg,0
5977.jpg,0
10302.jpg,0
6410.jpg,0
7934.jpg,0
4220.jpg,0
11571.jpg,0
8162.jpg,0
6147.jpg,0
7893.jpg,0
6143.jpg,0
8467.jpg,0
12307.jpg,0
6702.jpg,0
9957.jpg,0
4423.jpg,0
6979.jpg,0
12640.jpg,0
10691.jpg,0
12580.jpg,0
6756.jpg,0
4986.jpg,0
6057.jpg,0
6277.jpg,0
8885.jpg,0
12582.jpg,1
8978.jpg,0
6627.jpg,0
4621.jpg,0
8217.jpg,0
5560.jpg,0
4949.jpg,0
4829.jpg,0
7100.jpg,0
12243.jpg,0
6191.jpg,0
5525.jpg,0
9878.jpg,0
7221.jpg,0
4227.jpg,0
10103.jpg,0
6994.jpg,0
5184.jpg,0
4089.jpg,0
3749.jpg,0
11245.jpg,0
8096.jpg,0
7459.jpg,0
12654.jpg,0
12400.jpg,0
5121.jpg,0
10259.jpg,0
9136.jpg,0
5060.jpg,0
8579.jpg,0
10375.jpg,0
5020.jpg,0
5275.jpg,0
6304.jpg,0
11570.jpg,0
8079.jpg,0
3730.jpg,0
9117.jpg,0
10401.jpg,0
9641.jpg,0
7375.jpg,0
8748.jpg,0
3780.jpg,0
5137.jpg,0
5237.jpg,0
10613.jpg,0
8111.jpg,0
7968.jpg,0
11340.jpg,0
8273.jpg,0
7117.jpg,0
6611.jpg,0
6516.jpg,0
5290.jpg,0
5309.jpg,0
11212.jpg,0
8782.jpg,0
3870.jpg,0
3835.jpg,0
6791.jpg,0
10190.jpg,0
4023.jpg,0
8878.jpg,0
10507.jpg,0
6581.jpg,0
4393.jpg,0
12192.jpg,0
7888.jpg,0
6729.jpg,0
4180.jpg,0
9850.jpg,0
7093.jpg,0
8794.jpg,0
7510.jpg,0
7759.jpg,0
9805.jpg,0
5790.jpg,0
11747.jpg,0
6004.jpg,0
3994.jpg,0
5262.jpg,0
9636.jpg,0
8652.jpg,0
3852.jpg,0
7166.jpg,0
3875.jpg,0
10931.jpg,0
3856.jpg,0
4189.jpg,0
5109.jpg,0
9915.jpg,0
4026.jpg,0
9787.jpg,0
12666.jpg,0
8519.jpg,0
5880.jpg,0
9863.jpg,0
5096.jpg,0
8784.jpg,0
6727.jpg,0
11488.jpg,0
9651.jpg,0
4030.jpg,0
11750.jpg,0
10006.jpg,0
9226.jpg,0
5543.jpg,0
12372.jpg,0
4528.jpg,0
6203.jpg,0
5680.jpg,0
5666.jpg,0
6650.jpg,0
10480.jpg,0
5282.jpg,0
9242.jpg,0
12229.jpg,0
6995.jpg,0
9246.jpg,0
7918.jpg,0
10921.jpg,0
9360.jpg,0
6679.jpg,0
8169.jpg,0
8847.jpg,0
12114.jpg,0
9830.jpg,0
10235.jpg,0
4914.jpg,0
12677.jpg,0
4779.jpg,0
4203.jpg,0
6184.jpg,0
11167.jpg,0
5206.jpg,0
9595.jpg,0
12069.jpg,0
5755.jpg,0
12743.jpg,1
5189.jpg,0
5853.jpg,0
10584.jpg,0
9816.jpg,0
9725.jpg,0
7374.jpg,0
9819.jpg,0
3869.jpg,0
10932.jpg,0
11185.jpg,0
11922.jpg,0
3958.jpg,0
5700.jpg,0
5496.jpg,0
4492.jpg,0
4273.jpg,0
12522.jpg,0
9413.jpg,0
11019.jpg,0
11737.jpg,0
4537.jpg,0
6465.jpg,0
5238.jpg,0
5803.jpg,0
6958.jpg,0
4899.jpg,0
9721.jpg,0
11675.jpg,0
6948.jpg,0
10647.jpg,0
12592.jpg,0
10142.jpg,0
4715.jpg,0
7884.jpg,0
6737.jpg,0
10159.jpg,0
5918.jpg,0
5772.jpg,0
12344.jpg,0
9453.jpg,0
8485.jpg,0
4592.jpg,0
5366.jpg,0
6779.jpg,0
5821.jpg,0
7011.jpg,0
6120.jpg,0
3720.jpg,0
5779.jpg,0
6782.jpg,0
6632.jpg,0
10405.jpg,0
12681.jpg,0
6457.jpg,0
4395.jpg,0
6720.jpg,0
4623.jpg,0
8717.jpg,0
9656.jpg,0
8921.jpg,0
10385.jpg,0
6786.jpg,0
11981.jpg,0
9343.jpg,0
7713.jpg,0
6445.jpg,0
5519.jpg,0
5142.jpg,0
4904.jpg,0
12461.jpg,0
8664.jpg,0
6421.jpg,0
3807.jpg,0
11128.jpg,0
3690.jpg,0
3868.jpg,0
5052.jpg,0
5995.jpg,0
6137.jpg,0
7659.jpg,0
10594.jpg,0
7004.jpg,0
10520.jpg,0
10244.jpg,0
8902.jpg,0
6678.jpg,0
5298.jpg,0
8262.jpg,0
3747.jpg,0
10634.jpg,0
5103.jpg,0
9251.jpg,0
6984.jpg,0
10194.jpg,0
5116.jpg,0
9296.jpg,0
10677.jpg,0
6389.jpg,0
7060.jpg,0
6285.jpg,0
9529.jpg,0
3670.jpg,0
5693.jpg,0
12239.jpg,0
9902.jpg,0
7412.jpg,0
8132.jpg,0
5442.jpg,0
12641.jpg,0
11700.jpg,0
11060.jpg,0
6824.jpg,0
11194.jpg,0
7055.jpg,0
10573.jpg,0
4148.jpg,0
11494.jpg,0
5151.jpg,0
11450.jpg,0
7178.jpg,0
10987.jpg,0
9319.jpg,0
12492.jpg,0
9740.jpg,0
5393.jpg,0
10621.jpg,0
12721.jpg,1
11787.jpg,0
4304.jpg,0
7964.jpg,0
10296.jpg,0
6877.jpg,0
9690.jpg,0
11691.jpg,0
8722.jpg,0
4706.jpg,0
12586.jpg,0
9817.jpg,0
5476.jpg,0
7696.jpg,0
10715.jpg,0
7282.jpg,0
11312.jpg,0
7177.jpg,0
12598.jpg,1
6262.jpg,0
4654.jpg,0
6843.jpg,0
11348.jpg,0
11370.jpg,0
12617.jpg,0
7928.jpg,0
6046.jpg,0
10971.jpg,0
12306.jpg,0
3651.jpg,0
4976.jpg,0
4153.jpg,0
12377.jpg,0
9036.jpg,0
12734.jpg,0
11298.jpg,0
9421.jpg,0
9882.jpg,0
12445.jpg,0
9674.jpg,0
9574.jpg,0
11765.jpg,0
5305.jpg,0
5274.jpg,0
11367.jpg,0
11230.jpg,0
9605.jpg,0
6377.jpg,0
10816.jpg,0
4869.jpg,0
4354.jpg,0
4648.jpg,0
8719.jpg,0
12301.jpg,0
7931.jpg,0
10362.jpg,0
10038.jpg,0
7003.jpg,0
12584.jpg,1
4937.jpg,0
4069.jpg,0
4481.jpg,0
10710.jpg,0
11208.jpg,0
7878.jpg,0
8853.jpg,0
11483.jpg,0
12526.jpg,0
10597.jpg,0
7650.jpg,0
10016.jpg,0
7486.jpg,0
12593.jpg,0
11214.jpg,0
4867.jpg,0
4791.jpg,0
6685.jpg,0
12603.jpg,0
12476.jpg,0
4344.jpg,0
5760.jpg,0
11914.jpg,0
9132.jpg,0
10983.jpg,0
12625.jpg,0
4221.jpg,0
12637.jpg,0
3973.jpg,0
10059.jpg,0
4013.jpg,0
6318.jpg,0
12568.jpg,0
9535.jpg,0
6018.jpg,0
11015.jpg,0
10637.jpg,0
5636.jpg,0
6653.jpg,0
10084.jpg,0
11782.jpg,0
4699.jpg,0
12009.jpg,0
8757.jpg,0
11663.jpg,0
6095.jpg,0
8721.jpg,0
10957.jpg,0
9108.jpg,0
7328.jpg,0
11897.jpg,0
7723.jpg,0
8340.jpg,0
10629.jpg,0
4099.jpg,0
10022.jpg,0
5090.jpg,0
8233.jpg,0
8054.jpg,0
10080.jpg,0
4375.jpg,0
12414.jpg,0
12545.jpg,0
9457.jpg,0
10863.jpg,0
8181.jpg,0
5112.jpg,0
6510.jpg,0
11383.jpg,0
3763.jpg,0
4253.jpg,0
8099.jpg,0
12538.jpg,0
4031.jpg,0
7049.jpg,0
5653.jpg,0
6314.jpg,0
11397.jpg,0
9274.jpg,0
12145.jpg,0
4725.jpg,0
7067.jpg,0
7812.jpg,0
4565.jpg,0
5861.jpg,0
6135.jpg,0
4228.jpg,0
9254.jpg,0
11821.jpg,0
4755.jpg,0
8545.jpg,0
12571.jpg,0
12093.jpg,0
12020.jpg,0
7256.jpg,0
8598.jpg,0
10400.jpg,0
4082.jpg,0
9200.jpg,0
11319.jpg,0
8597.jpg,0
4561.jpg,0
10297.jpg,0
12317.jpg,0
4118.jpg,0
10430.jpg,0
12094.jpg,0
7733.jpg,0
9697.jpg,0
4429.jpg,0
12657.jpg,0
12488.jpg,0
11678.jpg,0
4504.jpg,0
4740.jpg,0
7099.jpg,0
7201.jpg,0
9341.jpg,0
5444.jpg,0
6239.jpg,0
10540.jpg,0
5970.jpg,0
6171.jpg,0
10630.jpg,0
11627.jpg,0
12419.jpg,0
3725.jpg,0
6274.jpg,0
10112.jpg,0
8650.jpg,0
6448.jpg,0
8849.jpg,0
10444.jpg,0
7110.jpg,0
8006.jpg,0
12668.jpg,1
11779.jpg,0
9778.jpg,0
10285.jpg,0
10254.jpg,0
11950.jpg,0
12577.jpg,0
7972.jpg,0
11035.jpg,0
4353.jpg,0
7822.jpg,0
7159.jpg,0
10258.jpg,0
4451.jpg,0
12484.jpg,0
3732.jpg,0
6511.jpg,0
9956.jpg,0
4907.jpg,0
8255.jpg,0
12123.jpg,0
8651.jpg,0
11638.jpg,0
12576.jpg,0
4770.jpg,0
4029.jpg,0
5361.jpg,0
4056.jpg,0
12166.jpg,0
4587.jpg,0
12473.jpg,0
10737.jpg,0
9170.jpg,0
10645.jpg,0
11689.jpg,0
12110.jpg,0
8840.jpg,0
6381.jpg,0
11889.jpg,0
4206.jpg,0
10811.jpg,0
6097.jpg,0
9557.jpg,0
5014.jpg,0
8329.jpg,0
6772.jpg,0
10178.jpg,0
11752.jpg,0
11764.jpg,0
5943.jpg,0
4794.jpg,0
4403.jpg,0
5561.jpg,0
4994.jpg,0
6886.jpg,0
4837.jpg,0
9379.jpg,0
9702.jpg,0
12076.jpg,0
5017.jpg,0
10356.jpg,0
5742.jpg,0
4658.jpg,0
10635.jpg,0
4389.jpg,0
11008.jpg,0
9493.jpg,0
11379.jpg,0
4762.jpg,0
10914.jpg,0
4431.jpg,0
12651.jpg,0
8368.jpg,0
3895.jpg,0
6761.jpg,0
5421.jpg,0
5466.jpg,0
5005.jpg,0
8774.jpg,0
9373.jpg,0
11198.jpg,0
9267.jpg,0
9098.jpg,0
5518.jpg,0
8881.jpg,0
7008.jpg,0
6813.jpg,0
3717.jpg,0
3777.jpg,0
10953.jpg,0
11044.jpg,0
10242.jpg,0
7238.jpg,0
7750.jpg,0
12438.jpg,0
6666.jpg,0
6112.jpg,0
7834.jpg,0
9405.jpg,0
11767.jpg,0
8201.jpg,0
10744.jpg,0
7887.jpg,0
12709.jpg,0
10349.jpg,0
8444.jpg,0
4709.jpg,0
9704.jpg,0
5642.jpg,0
5033.jpg,0
12227.jpg,0
7274.jpg,0
6542.jpg,0
11105.jpg,0
9772.jpg,0
7502.jpg,0
6865.jpg,0
11308.jpg,0
7558.jpg,0
4510.jpg,0
8909.jpg,0
6234.jpg,0
12712.jpg,0
10898.jpg,0
12032.jpg,0
9114.jpg,0
4575.jpg,0
6296.jpg,0
10848.jpg,0
8550.jpg,0
4896.jpg,0
7489.jpg,0
8417.jpg,0
4330.jpg,0
11618.jpg,0
10504.jpg,0
7388.jpg,0
9564.jpg,0
5327.jpg,0
12103.jpg,0
6301.jpg,0
12149.jpg,0
10728.jpg,0
10740.jpg,0
4719.jpg,0
10032.jpg,0
4749.jpg,0
5643.jpg,0
8052.jpg,0
8037.jpg,0
4307.jpg,0
4072.jpg,0
3671.jpg,0
7751.jpg,0
9507.jpg,0
10648.jpg,0
6054.jpg,0
5079.jpg,0
12437.jpg,0
8318.jpg,0
4048.jpg,0
8148.jpg,0
6723.jpg,0
7582.jpg,0
5125.jpg,0
4538.jpg,0
12720.jpg,0
10599.jpg,0
10149.jpg,0
6229.jpg,0
7647.jpg,0
7288.jpg,0
4633.jpg,0
8685.jpg,0
4245.jpg,0
4974.jpg,0
5035.jpg,0
9284.jpg,0
7624.jpg,0
7517.jpg,0
11216.jpg,0
9365.jpg,0
7712.jpg,0
8386.jpg,0
8944.jpg,0
6267.jpg,0
11522.jpg,0
8319.jpg,0
5223.jpg,0
10445.jpg,0
4476.jpg,0
7319.jpg,0
9107.jpg,0
5967.jpg,0
11092.jpg,0
10586.jpg,0
7523.jpg,0
10482.jpg,0
10266.jpg,0
11533.jpg,0
8715.jpg,0
3673.jpg,0
5887.jpg,0
8157.jpg,0
4758.jpg,0
4558.jpg,0
11471.jpg,0
10491.jpg,0
8540.jpg,0
11464.jpg,0
5241.jpg,0
10747.jpg,0
10530.jpg,0
3993.jpg,0
8014.jpg,0
11742.jpg,0
12374.jpg,0
7070.jpg,0
6938.jpg,0
5018.jpg,0
9720.jpg,0
7300.jpg,0
10672.jpg,0
7196.jpg,0
7241.jpg,0
9055.jpg,0
10704.jpg,0
11080.jpg,0
5761.jpg,0
9879.jpg,0
12455.jpg,0
9800.jpg,0
8699.jpg,0
5814.jpg,0
12152.jpg,0
9987.jpg,0
9901.jpg,0
5811.jpg,0
4917.jpg,0
11554.jpg,0
4607.jpg,0
12415.jpg,0
4270.jpg,0
10101.jpg,0
5365.jpg,0
8613.jpg,0
4819.jpg,0
7283.jpg,0
4071.jpg,0
10010.jpg,0
4080.jpg,0
3789.jpg,0
12687.jpg,1
9942.jpg,0
7757.jpg,0
8065.jpg,0
3667.jpg,0
8483.jpg,0
10426.jpg,0
6739.jpg,0
5053.jpg,0
11168.jpg,0
11631.jpg,0
5526.jpg,0
10096.jpg,0
11676.jpg,0
6080.jpg,0
4628.jpg,0
9788.jpg,0
6912.jpg,0
10705.jpg,0
11760.jpg,0
11774.jpg,0
8119.jpg,0
6024.jpg,0
12359.jpg,0
3992.jpg,0
10839.jpg,0
11493.jpg,0
9407.jpg,0
10376.jpg,0
10260.jpg,0
7050.jpg,0
6515.jpg,0
10434.jpg,0
8383.jpg,0
4981.jpg,0
7065.jpg,0
6085.jpg,0
7948.jpg,0
7016.jpg,0
8272.jpg,0
5688.jpg,0
10516.jpg,0
4567.jpg,0
4147.jpg,0
10147.jpg,0
4252.jpg,0
5440.jpg,0
8576.jpg,0
7526.jpg,0
6691.jpg,0
9558.jpg,0
6308.jpg,0
10345.jpg,0
7231.jpg,0
5731.jpg,0
6541.jpg,0
10755.jpg,0
9196.jpg,0
10197.jpg,0
11124.jpg,0
9784.jpg,0
5675.jpg,0
11951.jpg,0
9088.jpg,0
12236.jpg,0
6436.jpg,0
5981.jpg,0
6524.jpg,0
4951.jpg,0
10004.jpg,0
6450.jpg,0
5572.jpg,0
7331.jpg,0
6290.jpg,0
5966.jpg,0
11086.jpg,0
12646.jpg,0
9511.jpg,0
5889.jpg,0
7293.jpg,0
6238.jpg,0
12670.jpg,1
7622.jpg,0
6928.jpg,0
7629.jpg,0
9437.jpg,0
8987.jpg,0
11101.jpg,0
9198.jpg,0
11860.jpg,0
9664.jpg,0
8513.jpg,0
6752.jpg,0
3714.jpg,0
5924.jpg,0
11118.jpg,0
10911.jpg,0
9427.jpg,0
10042.jpg,0
9466.jpg,0
5672.jpg,0
10508.jpg,0
8370.jpg,0
9838.jpg,0
4969.jpg,0
8147.jpg,0
8145.jpg,0
6623.jpg,0
11038.jpg,0
8415.jpg,0
5425.jpg,0
8982.jpg,0
11148.jpg,0
4165.jpg,0
12746.jpg,0
12797.jpg,0
3979.jpg,0
3882.jpg,0
10916.jpg,0
6747.jpg,0
10179.jpg,0
7500.jpg,0
7571.jpg,0
7026.jpg,0
6538.jpg,0
8061.jpg,0
3669.jpg,0
5509.jpg,0
10991.jpg,0
7084.jpg,0
10711.jpg,0
7251.jpg,0
5668.jpg,0
5998.jpg,0
11794.jpg,0
12701.jpg,0
10309.jpg,0
6742.jpg,0
7077.jpg,0
12513.jpg,0
12338.jpg,0
7979.jpg,0
8216.jpg,0
7446.jpg,0
5522.jpg,0
8836.jpg,0
11632.jpg,0
7102.jpg,0
6797.jpg,0
6029.jpg,0
6936.jpg,0
8089.jpg,0
5398.jpg,0
12209.jpg,0
8817.jpg,0
11613.jpg,0
7338.jpg,0
11614.jpg,0
4111.jpg,0
7086.jpg,0
6417.jpg,0
7063.jpg,0
6472.jpg,0
3782.jpg,0
9571.jpg,0
6763.jpg,0
5032.jpg,0
9017.jpg,0
7506.jpg,0
8331.jpg,0
11486.jpg,0
8095.jpg,0
7862.jpg,0
4370.jpg,0
10695.jpg,0
9671.jpg,0
12505.jpg,0
10889.jpg,0
7422.jpg,0
10325.jpg,0
9952.jpg,0
9847.jpg,0
4374.jpg,0
9416.jpg,0
5921.jpg,0
6388.jpg,0
6268.jpg,0
11688.jpg,0
7495.jpg,0
9527.jpg,0
10387.jpg,0
6320.jpg,0
9909.jpg,0
4823.jpg,0
4893.jpg,0
7674.jpg,0
9316.jpg,0
6734.jpg,0
7806.jpg,0
6183.jpg,0
10764.jpg,0
7787.jpg,0
9318.jpg,0
7405.jpg,0
6278.jpg,0
6609.jpg,0
3731.jpg,0
12711.jpg,0
8741.jpg,0
4882.jpg,0
7636.jpg,0
12645.jpg,0
11100.jpg,0
4102.jpg,0
6561.jpg,0
3759.jpg,0
9174.jpg,0
8806.jpg,0
10261.jpg,0
6722.jpg,0
8826.jpg,0
8146.jpg,0
12565.jpg,0
8749.jpg,0
11866.jpg,0
8076.jpg,0
12251.jpg,0
11290.jpg,0
11933.jpg,0
4155.jpg,0
7169.jpg,0
10838.jpg,0
8553.jpg,0
4532.jpg,0
5362.jpg,0
11648.jpg,0
11309.jpg,0
8426.jpg,0
11267.jpg,0
10854.jpg,0
8438.jpg,0
4593.jpg,0
4333.jpg,0
9448.jpg,0
11380.jpg,0
6292.jpg,0
6875.jpg,0
12088.jpg,0
12130.jpg,0
11258.jpg,0
9245.jpg,0
12242.jpg,0
7566.jpg,0
12439.jpg,0
10298.jpg,0
8608.jpg,0
9270.jpg,0
11868.jpg,0
11247.jpg,0
6762.jpg,0
8988.jpg,0
7764.jpg,0
12238.jpg,0
6733.jpg,0
11872.jpg,0
6408.jpg,0
6405.jpg,0
9023.jpg,0
12629.jpg,1
12802.jpg,0
9031.jpg,0
11456.jpg,0
11788.jpg,0
5686.jpg,0
7111.jpg,0
4912.jpg,0
12624.jpg,0
8302.jpg,0
5968.jpg,0
7384.jpg,0
7477.jpg,0
5902.jpg,0
3970.jpg,0
4231.jpg,0
7969.jpg,0
6076.jpg,0
6842.jpg,0
9335.jpg,0
12038.jpg,0
10829.jpg,0
10963.jpg,0
12739.jpg,0
8026.jpg,0
6978.jpg,0
5928.jpg,0
9346.jpg,0
8742.jpg,0
6993.jpg,0
12781.jpg,0
10099.jpg,0
4830.jpg,0
10347.jpg,0
4921.jpg,0
7358.jpg,0
11593.jpg,0
12572.jpg,0
5507.jpg,0
4241.jpg,0
7999.jpg,0
8659.jpg,0
3703.jpg,0
11162.jpg,0
6340.jpg,0
3748.jpg,0
7845.jpg,0
12275.jpg,0
9600.jpg,0
4745.jpg,0
6963.jpg,0
9349.jpg,0
9312.jpg,0
7833.jpg,0
5319.jpg,0
12147.jpg,0
11962.jpg,0
8735.jpg,0
8792.jpg,0
12063.jpg,0
9843.jpg,0
10771.jpg,0
8355.jpg,0
8538.jpg,0
7826.jpg,0
11229.jpg,0
8900.jpg,0
9798.jpg,0
11263.jpg,0
3784.jpg,0
11040.jpg,0
9040.jpg,0
4925.jpg,0
7644.jpg,0
6094.jpg,0
4599.jpg,0
10106.jpg,0
4338.jpg,0
9709.jpg,0
12090.jpg,0
3956.jpg,0
3865.jpg,0
10065.jpg,0
7739.jpg,0
6598.jpg,0
8862.jpg,0
10945.jpg,0
4477.jpg,0
4851.jpg,0
10053.jpg,0
4356.jpg,0
10518.jpg,0
8788.jpg,0
5958.jpg,0
5909.jpg,0
4639.jpg,0
3987.jpg,0
3825.jpg,0
8866.jpg,0
9592.jpg,0
10143.jpg,0
12297.jpg,0
10424.jpg,0
9963.jpg,0
8533.jpg,0
7923.jpg,0
11338.jpg,0
11808.jpg,0
6645.jpg,0
4462.jpg,0
5512.jpg,0
5949.jpg,0
10852.jpg,0
12519.jpg,0
7616.jpg,0
10048.jpg,0
4293.jpg,0
4733.jpg,0
7028.jpg,0
5457.jpg,0
10598.jpg,0
5226.jpg,0
11210.jpg,0
4339.jpg,0
6195.jpg,0
6835.jpg,0
8087.jpg,0
9572.jpg,0
4482.jpg,0
8488.jpg,0
3974.jpg,0
5136.jpg,0
8394.jpg,0
10988.jpg,0
7164.jpg,0
10311.jpg,0
4163.jpg,0
8713.jpg,0
9930.jpg,0
11176.jpg,0
4280.jpg,0
12777.jpg,0
4162.jpg,0
12515.jpg,0
4371.jpg,0
5258.jpg,0
7774.jpg,0
7012.jpg,0
8980.jpg,0
11322.jpg,0
6986.jpg,0
5616.jpg,0
8221.jpg,0
7858.jpg,0
7981.jpg,0
9918.jpg,0
10449.jpg,0
3878.jpg,0
6618.jpg,0
7511.jpg,0
6689.jpg,0
8296.jpg,0
4507.jpg,0
5575.jpg,0
10998.jpg,0
5016.jpg,0
6306.jpg,0
9369.jpg,0
5344.jpg,0
4813.jpg,0
6851.jpg,0
5464.jpg,0
4363.jpg,0
9047.jpg,0
6610.jpg,0
10545.jpg,0
5944.jpg,0
6019.jpg,0
3663.jpg,0
5395.jpg,0
6517.jpg,0
3867.jpg,0
11756.jpg,0
5272.jpg,0
8020.jpg,0
3983.jpg,0
5025.jpg,0
11789.jpg,0
9159.jpg,0
6118.jpg,0
12127.jpg,0
6350.jpg,0
10379.jpg,0
5190.jpg,0
11046.jpg,0
7462.jpg,0
10956.jpg,0
6227.jpg,0
5927.jpg,0
11702.jpg,0
8167.jpg,0
11837.jpg,0
7184.jpg,0
5387.jpg,0
8203.jpg,0
6006.jpg,0
8647.jpg,0
3753.jpg,0
9521.jpg,0
4602.jpg,0
12444.jpg,0
6297.jpg,0
11909.jpg,0
7871.jpg,0
7226.jpg,0
10477.jpg,0
4596.jpg,0
3900.jpg,0
10329.jpg,0
5095.jpg,0
12535.jpg,0
11584.jpg,0
11820.jpg,0
12778.jpg,0
11444.jpg,0
6033.jpg,0
11797.jpg,0
6949.jpg,0
8448.jpg,0
4802.jpg,0
4761.jpg,0
4731.jpg,0
5050.jpg,0
5176.jpg,0
6201.jpg,0
3995.jpg,0
11801.jpg,0
6468.jpg,0
8805.jpg,0
8069.jpg,0
6789.jpg,0
12134.jpg,0
3795.jpg,0
4381.jpg,0
10922.jpg,0
7755.jpg,0
11832.jpg,0
7499.jpg,0
4923.jpg,0
5749.jpg,0
6793.jpg,0
7549.jpg,0
10247.jpg,0
11701.jpg,0
6826.jpg,0
7913.jpg,0
10687.jpg,0
8644.jpg,0
12045.jpg,0
11141.jpg,0
9205.jpg,0
7760.jpg,0
11433.jpg,0
10083.jpg,0
8179.jpg,0
6584.jpg,0
6974.jpg,0
3728.jpg,0
11014.jpg,0
8285.jpg,0
7292.jpg,0
12710.jpg,0
9865.jpg,0
11862.jpg,0
4326.jpg,0
7260.jpg,0
11511.jpg,0
12804.jpg,0
11727.jpg,0
8094.jpg,0
6989.jpg,0
12230.jpg,0
7423.jpg,0
11542.jpg,0
12029.jpg,0
10814.jpg,0
12699.jpg,0
11262.jpg,0
9634.jpg,0
12091.jpg,0
5732.jpg,0
7308.jpg,0
3745.jpg,0
6787.jpg,0
10500.jpg,0
10357.jpg,0
12213.jpg,0
4433.jpg,0
4108.jpg,0
8657.jpg,0
7562.jpg,0
6358.jpg,0
4302.jpg,0
5651.jpg,0
11803.jpg,0
9467.jpg,0
12059.jpg,0
6189.jpg,0
7000.jpg,0
4657.jpg,0
10187.jpg,0
6299.jpg,0
4509.jpg,0
8677.jpg,0
12198.jpg,0
3768.jpg,0
5232.jpg,0
7150.jpg,0
8506.jpg,0
5898.jpg,0
5400.jpg,0
5120.jpg,0
11867.jpg,0
10353.jpg,0
10249.jpg,0
10564.jpg,0
8028.jpg,0
6480.jpg,0
9745.jpg,0
9746.jpg,0
6091.jpg,0
12326.jpg,0
12308.jpg,0
11266.jpg,0
4803.jpg,0
7836.jpg,0
7006.jpg,0
5328.jpg,0
10572.jpg,0
9207.jpg,0
3829.jpg,0
6695.jpg,0
9195.jpg,0
8589.jpg,0
12749.jpg,0
8088.jpg,0
6765.jpg,0
9919.jpg,0
7765.jpg,0
7574.jpg,0
11432.jpg,0
9833.jpg,0
5281.jpg,0
10663.jpg,0
3840.jpg,0
7108.jpg,0
7579.jpg,0
4232.jpg,0
9188.jpg,0
9025.jpg,0
11778.jpg,0
7677.jpg,0
9161.jpg,0
5685.jpg,0
6777.jpg,0
12097.jpg,0
5897.jpg,0
7124.jpg,0
4170.jpg,0
5537.jpg,0
7602.jpg,0
12498.jpg,0
6571.jpg,0
4332.jpg,0
11818.jpg,0
12726.jpg,0
7962.jpg,0
6376.jpg,0
7414.jpg,0
4681.jpg,0
8271.jpg,0
4334.jpg,0
5934.jpg,0
4011.jpg,0
12631.jpg,0
8468.jpg,0
7726.jpg,0
8837.jpg,0
12509.jpg,0
9926.jpg,0
7703.jpg,0
8824.jpg,0
5495.jpg,0
8833.jpg,0
9897.jpg,0
10120.jpg,0
10566.jpg,0
6635.jpg,0
3740.jpg,0
12081.jpg,0
4202.jpg,0
9549.jpg,0
9489.jpg,0
7334.jpg,0
6272.jpg,0
12737.jpg,0
5536.jpg,0
8244.jpg,0
11746.jpg,0
11853.jpg,0
12520.jpg,0
11590.jpg,0
11356.jpg,0
5587.jpg,0
8947.jpg,0
10269.jpg,0
8130.jpg,0
10534.jpg,0
10576.jpg,0
3659.jpg,0
5133.jpg,0
10894.jpg,0
12119.jpg,0
10773.jpg,0
8526.jpg,0
5590.jpg,0
11802.jpg,0
12212.jpg,0
11552.jpg,0
7702.jpg,0
7020.jpg,0
6595.jpg,0
5841.jpg,0
4788.jpg,0
11562.jpg,0
10398.jpg,0
8681.jpg,0
11526.jpg,0
12186.jpg,0
7088.jpg,0
8616.jpg,0
4219.jpg,0
12696.jpg,0
4514.jpg,0
10693.jpg,0
3827.jpg,0
4944.jpg,0
12718.jpg,1
9291.jpg,0
11641.jpg,0
4441.jpg,0
7277.jpg,0
4642.jpg,0
7604.jpg,0
6385.jpg,0
8943.jpg,0
4368.jpg,0
12231.jpg,0
12120.jpg,0
7598.jpg,0
9131.jpg,0
10689.jpg,0
12440.jpg,0
5002.jpg,0
8189.jpg,0
11487.jpg,0
8578.jpg,0
10131.jpg,0
5739.jpg,0
12697.jpg,1
8979.jpg,0
3898.jpg,0
11553.jpg,0
6550.jpg,0
3859.jpg,0
8896.jpg,0
5793.jpg,0
5435.jpg,0
8600.jpg,0
7167.jpg,0
11269.jpg,0
6661.jpg,0
10515.jpg,0
11708.jpg,0
5329.jpg,0
5044.jpg,0
5162.jpg,0
4714.jpg,0
11831.jpg,0
8346.jpg,0
5980.jpg,0
8877.jpg,0
5469.jpg,0
10532.jpg,0
3841.jpg,0
10591.jpg,0
7202.jpg,0
6698.jpg,0
3653.jpg,0
3957.jpg,0
4243.jpg,0
12131.jpg,0
9355.jpg,0
5182.jpg,0
4828.jpg,0
4636.jpg,0
4068.jpg,0
6686.jpg,0
6663.jpg,0
12807.jpg,0
7487.jpg,0
9485.jpg,0
6642.jpg,0
12078.jpg,0
8615.jpg,0
7873.jpg,0
8049.jpg,0
9180.jpg,0
12413.jpg,0
3729.jpg,0
4741.jpg,0
9756.jpg,0
8263.jpg,0
4400.jpg,0
5119.jpg,0
4377.jpg,0
9305.jpg,0
12409.jpg,0
5261.jpg,0
11373.jpg,0
7965.jpg,0
6725.jpg,0
5082.jpg,0
5143.jpg,0
9946.jpg,0
12360.jpg,0
8730.jpg,0
9610.jpg,0
5384.jpg,0
6593.jpg,0
5546.jpg,0
6821.jpg,0
12801.jpg,0
5287.jpg,0
7998.jpg,0
9638.jpg,0
11205.jpg,0
4678.jpg,0
4728.jpg,0
7370.jpg,0
4401.jpg,0
8389.jpg,0
6897.jpg,0
5313.jpg,0
6478.jpg,0
12740.jpg,0
10146.jpg,0
7929.jpg,0
6164.jpg,0
4178.jpg,0
9666.jpg,0
4515.jpg,0
7542.jpg,0
9773.jpg,0
10910.jpg,0
9998.jpg,0
9470.jpg,0
8515.jpg,0
9921.jpg,0
5493.jpg,0
6670.jpg,0
3793.jpg,0
5810.jpg,0
7815.jpg,0
9277.jpg,0
11598.jpg,0
7724.jpg,0
4177.jpg,0
11376.jpg,0
11605.jpg,0
12365.jpg,0
5617.jpg,0
5566.jpg,0
5969.jpg,0
12143.jpg,0
5218.jpg,0
12384.jpg,0
5279.jpg,0
9323.jpg,0
9873.jpg,0
12574.jpg,0
8422.jpg,0
8617.jpg,0
11633.jpg,0
11234.jpg,0
4544.jpg,0
11968.jpg,0
12265.jpg,0
6221.jpg,0
5607.jpg,0
8404.jpg,0
7227.jpg,0
9553.jpg,0
10263.jpg,0
4901.jpg,0
6161.jpg,0
8999.jpg,0
3984.jpg,0
6660.jpg,0
12137.jpg,0
9943.jpg,0
12758.jpg,0
6509.jpg,0
8619.jpg,0
9383.jpg,0
9468.jpg,0
11026.jpg,0
11460.jpg,0
8632.jpg,0
9916.jpg,0
12610.jpg,0
6338.jpg,0
12600.jpg,0
10203.jpg,0
11785.jpg,0
7395.jpg,0
4838.jpg,0
9053.jpg,0
7182.jpg,0
11539.jpg,0
9898.jpg,0
12768.jpg,0
10788.jpg,0
9707.jpg,0
11114.jpg,0
4764.jpg,0
11602.jpg,0
9150.jpg,0
6866.jpg,0
8998.jpg,0
4722.jpg,0
9868.jpg,0
10628.jpg,0
11174.jpg,0
7162.jpg,0
7353.jpg,0
4323.jpg,0
11406.jpg,0
7564.jpg,0
9611.jpg,0
11147.jpg,0
10574.jpg,0
10063.jpg,0
4406.jpg,0
9440.jpg,0
8779.jpg,0
8475.jpg,0
11919.jpg,0
3657.jpg,0
7945.jpg,0
7273.jpg,0
7854.jpg,0
11401.jpg,0
5303.jpg,0
12245.jpg,0
10550.jpg,0
5696.jpg,0
6776.jpg,0
11172.jpg,0
8985.jpg,0
5710.jpg,0
8653.jpg,0
5285.jpg,0
6749.jpg,0
6837.jpg,0
4684.jpg,0
10046.jpg,0
9591.jpg,0
8128.jpg,0
6383.jpg,0
6230.jpg,0
10245.jpg,0
6946.jpg,0
10909.jpg,0
10723.jpg,0
8314.jpg,0
12228.jpg,0
4930.jpg,0
11107.jpg,0
12695.jpg,1
10109.jpg,0
8136.jpg,0
9308.jpg,0
3965.jpg,0
5300.jpg,0
9780.jpg,0
7886.jpg,0
6951.jpg,0
10558.jpg,0
7239.jpg,0
10489.jpg,0
10570.jpg,0
9009.jpg,0
5450.jpg,0
6904.jpg,0
9576.jpg,0
7141.jpg,0
6398.jpg,0
7855.jpg,0
8975.jpg,0
8411.jpg,0
9539.jpg,0
10204.jpg,0
12293.jpg,0
7222.jpg,0
4387.jpg,0
7073.jpg,0
7464.jpg,0
8793.jpg,0
9069.jpg,0
5963.jpg,0
7438.jpg,0
5185.jpg,0
9578.jpg,0
6369.jpg,0
9066.jpg,0
7575.jpg,0
4083.jpg,0
10930.jpg,0
11438.jpg,0
10076.jpg,0
7522.jpg,0
5523.jpg,0
4898.jpg,0
12082.jpg,0
4090.jpg,0
6053.jpg,0
6434.jpg,0
9116.jpg,0
12628.jpg,0
5718.jpg,0
8562.jpg,0
4399.jpg,0
5555.jpg,0
8121.jpg,0
10767.jpg,0
10646.jpg,0
11784.jpg,0
12450.jpg,0
4390.jpg,0
7991.jpg,0
6312.jpg,0
11211.jpg,0
4701.jpg,0
5550.jpg,0
12627.jpg,0
8486.jpg,0
4836.jpg,0
12254.jpg,0
9924.jpg,0
10475.jpg,0
3689.jpg,0
7633.jpg,0
11704.jpg,0
8953.jpg,0
7098.jpg,0
7668.jpg,0
11412.jpg,0
8563.jpg,0
11153.jpg,0
11545.jpg,0
5781.jpg,0
3960.jpg,0
12714.jpg,0
10108.jpg,0
4073.jpg,0
7901.jpg,0
7457.jpg,0
4850.jpg,0
10667.jpg,0
9927.jpg,0
5905.jpg,0
8504.jpg,0
10437.jpg,0
12256.jpg,0
9432.jpg,0
8641.jpg,0
11479.jpg,0
12757.jpg,0
7109.jpg,0
8989.jpg,0
9338.jpg,0
5259.jpg,0
3803.jpg,0
3755.jpg,0
5983.jpg,0
7814.jpg,0
6690.jpg,0
4234.jpg,0
10926.jpg,0
6422.jpg,0
5267.jpg,0
10881.jpg,0
12180.jpg,0
6620.jpg,0
8675.jpg,0
4585.jpg,0
3808.jpg,0
10044.jpg,0
12027.jpg,0
10846.jpg,0
5023.jpg,0
12161.jpg,0
5031.jpg,0
6288.jpg,0
10961.jpg,0
8584.jpg,0
4857.jpg,0
5360.jpg,0
9154.jpg,0
10686.jpg,0
7708.jpg,0
9434.jpg,0
10980.jpg,0
8823.jpg,0
12411.jpg,0
7715.jpg,0
6459.jpg,0
10164.jpg,0
12305.jpg,0
9425.jpg,0
12383.jpg,0
7089.jpg,0
12257.jpg,0
5117.jpg,0
3706.jpg,0
12655.jpg,0
10802.jpg,0
9061.jpg,0
6799.jpg,0
12729.jpg,0
9534.jpg,0
9834.jpg,0
12719.jpg,0
12732.jpg,0
7877.jpg,0
6439.jpg,0
8015.jpg,0
4282.jpg,0
9888.jpg,0
11117.jpg,0
5175.jpg,0
11297.jpg,0
3919.jpg,0
11783.jpg,0
5659.jpg,0
9348.jpg,0
9071.jpg,0
3788.jpg,0
6796.jpg,0
6257.jpg,0
12793.jpg,0
8158.jpg,0
4570.jpg,0
6818.jpg,0
8081.jpg,0
6021.jpg,0
8940.jpg,0
8593.jpg,0
5586.jpg,0
6525.jpg,0
12626.jpg,0
10299.jpg,0
12648.jpg,0
12031.jpg,0
3839.jpg,0
5689.jpg,0
4891.jpg,0
4790.jpg,0
9006.jpg,0
11610.jpg,0
11084.jpg,0
8645.jpg,0
11187.jpg,0
9304.jpg,0
5602.jpg,0
8494.jpg,0
6284.jpg,0
10170.jpg,0
12249.jpg,0
6440.jpg,0
12799.jpg,0
10616.jpg,0
5124.jpg,0
9735.jpg,0
4680.jpg,0
7217.jpg,0
8278.jpg,0
10321.jpg,0
8858.jpg,0
3687.jpg,0
6031.jpg,0
5349.jpg,0
6803.jpg,0
10721.jpg,0
4632.jpg,0
7140.jpg,0
12005.jpg,0
4123.jpg,0
10732.jpg,0
8923.jpg,0
3675.jpg,0
5461.jpg,0
12622.jpg,0
5372.jpg,0
4077.jpg,0
3736.jpg,0
10097.jpg,0
5743.jpg,0
7980.jpg,0
10252.jpg,0
4452.jpg,0
9881.jpg,0
7786.jpg,0
6077.jpg,0
11422.jpg,0
10707.jpg,0
5076.jpg,0
7665.jpg,0
9473.jpg,0
4566.jpg,0
8209.jpg,0
4911.jpg,0
9620.jpg,0
4611.jpg,0
7560.jpg,0
3917.jpg,0
12472.jpg,0
8661.jpg,0
9134.jpg,0
7059.jpg,0
5903.jpg,0
5269.jpg,0
8303.jpg,0
6832.jpg,0
10641.jpg,0
11529.jpg,0
4644.jpg,0
7589.jpg,0
12222.jpg,0
12446.jpg,0
6115.jpg,0
9253.jpg,0
4926.jpg,0
9596.jpg,0
12428.jpg,0
12707.jpg,0
5486.jpg,0
10868.jpg,0
12691.jpg,0
9729.jpg,0
10582.jpg,0
7411.jpg,0
5166.jpg,0
7272.jpg,0
7695.jpg,0
12371.jpg,0
8843.jpg,0
8530.jpg,0
3966.jpg,0
10171.jpg,0
7122.jpg,0
9958.jpg,0
3971.jpg,0
7742.jpg,0
10420.jpg,0
5500.jpg,0
5027.jpg,0
10741.jpg,0
12358.jpg,0
3818.jpg,0
7986.jpg,0
9575.jpg,0
10314.jpg,0
7632.jpg,0
10861.jpg,0
8198.jpg,0
6206.jpg,0
10793.jpg,0
3911.jpg,0
4805.jpg,0
3681.jpg,0
8151.jpg,0
6133.jpg,0
9935.jpg,0
9051.jpg,0
7053.jpg,0
8406.jpg,0
12730.jpg,1
4186.jpg,0
7210.jpg,0
10432.jpg,0
8938.jpg,0
4086.jpg,0
10346.jpg,0
6173.jpg,0
12122.jpg,0
12616.jpg,0
4954.jpg,0
10678.jpg,0
9523.jpg,0
8571.jpg,0
7057.jpg,0
6926.jpg,0
11446.jpg,0
7917.jpg,0
5107.jpg,0
4713.jpg,0
11243.jpg,0
7382.jpg,0
4005.jpg,0
4346.jpg,0
5333.jpg,0
9363.jpg,0
11859.jpg,0
3944.jpg,0
10884.jpg,0
3888.jpg,0
6213.jpg,0
10798.jpg,0
11719.jpg,0
10865.jpg,0
9891.jpg,0
7656.jpg,0
6186.jpg,0
8637.jpg,0
4708.jpg,0
6587.jpg,0
5736.jpg,0
4284.jpg,0
11209.jpg,0
7959.jpg,0
11336.jpg,0
12105.jpg,0
5170.jpg,0
11065.jpg,0
12607.jpg,1
7950.jpg,0
4563.jpg,0
12000.jpg,0
8137.jpg,0
10310.jpg,0
10959.jpg,0
7649.jpg,0
10562.jpg,0
3693.jpg,0
7342.jpg,0
12613.jpg,0
6002.jpg,0
7389.jpg,0
6498.jpg,0
7200.jpg,0
5734.jpg,0
9096.jpg,0
9684.jpg,0
6249.jpg,0
6531.jpg,0
5836.jpg,0
6896.jpg,0
11423.jpg,0
4746.jpg,0
4347.jpg,0
12702.jpg,0
7434.jpg,0
12583.jpg,1
6446.jpg,0
4835.jpg,0
12036.jpg,0
5900.jpg,0
10418.jpg,0
8543.jpg,0
7672.jpg,0
10237.jpg,0
6888.jpg,0
7310.jpg,0
5971.jpg,0
4626.jpg,0
5625.jpg,0
10468.jpg,0
4343.jpg,0
7990.jpg,0
7418.jpg,0
8744.jpg,0
11317.jpg,0
8122.jpg,0
7961.jpg,0
5388.jpg,0
7013.jpg,0
8946.jpg,0
9019.jpg,0
12564.jpg,0
12780.jpg,0
8110.jpg,0
6494.jpg,0
6332.jpg,0
5067.jpg,0
4008.jpg,0
11911.jpg,0
5034.jpg,0
9415.jpg,0
8060.jpg,0
12724.jpg,0
3851.jpg,0
12202.jpg,0
4906.jpg,0
6217.jpg,0
7087.jpg,0
8109.jpg,0
6351.jpg,0
6758.jpg,0
4308.jpg,0
11071.jpg,0
4810.jpg,0
6395.jpg,0
10807.jpg,0
7081.jpg,0
4940.jpg,0
7080.jpg,0
9922.jpg,0
4512.jpg,0
8832.jpg,0
11810.jpg,0
9059.jpg,0
7470.jpg,0
4522.jpg,0
10632.jpg,0
11408.jpg,0
9039.jpg,0
7631.jpg,0
8867.jpg,0
3791.jpg,0
4107.jpg,0
10303.jpg,0
9497.jpg,0
3836.jpg,0
12420.jpg,0
12403.jpg,0
4520.jpg,0
11647.jpg,0
4625.jpg,0
5009.jpg,0
11280.jpg,0
12298.jpg,0
12175.jpg,0
5325.jpg,0
12181.jpg,0
11833.jpg,0
7642.jpg,0
5463.jpg,0
8687.jpg,0
12754.jpg,0
7139.jpg,0
9688.jpg,0
7035.jpg,0
10402.jpg,0
7421.jpg,0
5865.jpg,0
7085.jpg,0
11249.jpg,0
11685.jpg,0
10410.jpg,0
10133.jpg,0
4182.jpg,0
11197.jpg,0
4734.jpg,0
12789.jpg,0
10371.jpg,0
9275.jpg,0
12272.jpg,0
4129.jpg,0
11686.jpg,0
6310.jpg,0
7645.jpg,0
11628.jpg,0
7889.jpg,0
10005.jpg,0
12303.jpg,0
12211.jpg,0
12635.jpg,0
6243.jpg,0
4594.jpg,0
8642.jpg,0
4034.jpg,0
10060.jpg,0
7445.jpg,0
8808.jpg,0
9588.jpg,0
8732.jpg,0
10173.jpg,0
6770.jpg,0
6839.jpg,0
6492.jpg,0
10478.jpg,0
7493.jpg,0
10363.jpg,0
4201.jpg,0
4348.jpg,0
6883.jpg,0
10433.jpg,0
8564.jpg,0
7126.jpg,0
9959.jpg,0
6483.jpg,0
11848.jpg,0
11182.jpg,0
7623.jpg,0
7332.jpg,0
9795.jpg,0
5001.jpg,0
10984.jpg,0
10726.jpg,0
7924.jpg,0
6068.jpg,0
9209.jpg,0
4793.jpg,0
8610.jpg,0
12474.jpg,0
12357.jpg,0
4732.jpg,0
11505.jpg,0
8899.jpg,0
12007.jpg,0
4010.jpg,0
4652.jpg,0
4643.jpg,0
9594.jpg,0
7302.jpg,0
6356.jpg,0
5818.jpg,0
6907.jpg,0
9932.jpg,0
11716.jpg,0
6302.jpg,0
10277.jpg,0
7922.jpg,0
6372.jpg,0
10279.jpg,0
10952.jpg,0
11543.jpg,0
8399.jpg,0
7606.jpg,0
9295.jpg,0
5947.jpg,0
11588.jpg,0
4815.jpg,0
10636.jpg,0
8525.jpg,0
4236.jpg,0
7429.jpg,0
6621.jpg,0
5352.jpg,0
8768.jpg,0
5663.jpg,0
4446.jpg,0
12756.jpg,0
12435.jpg,0
11599.jpg,0
5576.jpg,0
11771.jpg,0
11901.jpg,0
6050.jpg,0
7255.jpg,0
8996.jpg,0
10866.jpg,0
7618.jpg,0
10339.jpg,0
10765.jpg,0
6174.jpg,0
3978.jpg,0
7865.jpg,0
11650.jpg,0
12197.jpg,0
12791.jpg,1
6070.jpg,0
5364.jpg,0
12609.jpg,1
6451.jpg,0
9812.jpg,0
6116.jpg,0
6615.jpg,0
9579.jpg,0
11282.jpg,0
9442.jpg,0
12194.jpg,0
9171.jpg,0
10327.jpg,0
9172.jpg,0
10318.jpg,0
5709.jpg,0
4679.jpg,0
4692.jpg,0
10330.jpg,0
9577.jpg,0
6807.jpg,0
8452.jpg,0
9002.jpg,0
11192.jpg,0
7071.jpg,0
11111.jpg,0
3902.jpg,0
5673.jpg,0
10122.jpg,0
10104.jpg,0
9371.jpg,0
8522.jpg,0
11705.jpg,0
4825.jpg,0
7899.jpg,0
4839.jpg,0
11275.jpg,0
6316.jpg,0
10535.jpg,0
10479.jpg,0
6172.jpg,0
7780.jpg,0
5591.jpg,0
4786.jpg,0
4076.jpg,0
7769.jpg,0
4239.jpg,0
7458.jpg,0
11890.jpg,0
9160.jpg,0
5154.jpg,0
9947.jpg,0
5957.jpg,0
11029.jpg,0
4729.jpg,0
8696.jpg,0
4364.jpg,0
10965.jpg,0
4872.jpg,0
11924.jpg,0
10878.jpg,0
12073.jpg,0
10343.jpg,0
10037.jpg,0
6588.jpg,0
9974.jpg,0
3715.jpg,0
9828.jpg,0
4982.jpg,0
8419.jpg,0
7368.jpg,0
12040.jpg,0
10193.jpg,0
11352.jpg,0
7657.jpg,0
8542.jpg,0
4840.jpg,0
7700.jpg,0
12207.jpg,0
10077.jpg,0
6775.jpg,0
6681.jpg,0
6764.jpg,0
11337.jpg,0
4435.jpg,0
9598.jpg,0
12282.jpg,0
10036.jpg,0
9950.jpg,0
6985.jpg,0
12388.jpg,0
10925.jpg,0
10137.jpg,0
11072.jpg,0
11154.jpg,0
6812.jpg,0
9080.jpg,0
5605.jpg,0
6056.jpg,0
6783.jpg,0
9786.jpg,0
9372.jpg,0
12111.jpg,0
4101.jpg,0
12201.jpg,0
5419.jpg,0
12634.jpg,1
7600.jpg,0
4351.jpg,0
5912.jpg,0
8257.jpg,0
9893.jpg,0
4275.jpg,0
12684.jpg,0
7996.jpg,0
4809.jpg,0
12787.jpg,0
12704.jpg,1
4918.jpg,0
7192.jpg,0
11580.jpg,0
10918.jpg,0
9390.jpg,0
11375.jpg,0
6159.jpg,0
10850.jpg,0
3724.jpg,0
6641.jpg,0
11656.jpg,0
6705.jpg,0
12096.jpg,0
6146.jpg,0
4795.jpg,0
9293.jpg,0
11790.jpg,0
7773.jpg,0
3741.jpg,0
6102.jpg,0
9362.jpg,0
6682.jpg,0
4092.jpg,0
7183.jpg,0
4087.jpg,0
3838.jpg,0
5987.jpg,0
5985.jpg,0
8129.jpg,0
11517.jpg,0
10610.jpg,0
5612.jpg,0
9022.jpg,0
11713.jpg,0
4053.jpg,0
8961.jpg,0
10135.jpg,0
11557.jpg,0
12663.jpg,0
7216.jpg,0
11066.jpg,0
11056.jpg,0
5901.jpg,0
7280.jpg,0
5997.jpg,0
5101.jpg,0
8745.jpg,0
7401.jpg,0
10725.jpg,0
8854.jpg,0
11296.jpg,0
6001.jpg,0
11992.jpg,0
8050.jpg,0
10554.jpg,0
6008.jpg,0
4329.jpg,0
10772.jpg,0
9602.jpg,0
5401.jpg,0
12028.jpg,0
12233.jpg,0
10548.jpg,0
10864.jpg,0
10265.jpg,0
11953.jpg,0
5341.jpg,0
6667.jpg,0
8053.jpg,0
5991.jpg,0
10685.jpg,0
7531.jpg,0
11264.jpg,0
6016.jpg,0
4047.jpg,0
6150.jpg,0
4438.jpg,0
6083.jpg,0
11242.jpg,0
11630.jpg,0
9525.jpg,0
9430.jpg,0
9955.jpg,0
9760.jpg,0
11851.jpg,0
5528.jpg,0
8183.jpg,0
6913.jpg,0
11508.jpg,0
11424.jpg,0
7154.jpg,0
11550.jpg,0
6218.jpg,0
12525.jpg,0
8945.jpg,0
6387.jpg,0
5919.jpg,0
11222.jpg,0
7112.jpg,0
8413.jpg,0
5080.jpg,0
6060.jpg,0
8291.jpg,0
5367.jpg,0
7015.jpg,0
8918.jpg,0
5200.jpg,0
11221.jpg,0
4405.jpg,0
4998.jpg,0
11510.jpg,0
10913.jpg,0
4250.jpg,0
11829.jpg,0
11985.jpg,0
12672.jpg,0
10763.jpg,0
6836.jpg,0
6467.jpg,0
4027.jpg,0
8678.jpg,0
7128.jpg,0
9481.jpg,0
11201.jpg,0
9732.jpg,0
4606.jpg,0
10275.jpg,0
7296.jpg,0
12722.jpg,0
11748.jpg,0
7406.jpg,0
8822.jpg,0
9058.jpg,0
7927.jpg,0
7853.jpg,0
11878.jpg,0
8574.jpg,0
10454.jpg,0
9928.jpg,0
11724.jpg,0
6935.jpg,0
5376.jpg,0
10578.jpg,0
11244.jpg,0
3750.jpg,0
4295.jpg,0
10225.jpg,0
10270.jpg,0
11140.jpg,0
8317.jpg,0
8431.jpg,0
12597.jpg,0
9265.jpg,0
12153.jpg,0
8636.jpg,0
10413.jpg,0
8213.jpg,0
11693.jpg,0
6892.jpg,0
12218.jpg,0
12536.jpg,0
9768.jpg,0
9937.jpg,0
10810.jpg,0
11435.jpg,0
12296.jpg,0
5091.jpg,0
10670.jpg,0
12278.jpg,0
11156.jpg,0
9903.jpg,0
9766.jpg,0
5156.jpg,0
11091.jpg,0
6499.jpg,0
10431.jpg,0
12514.jpg,0
11218.jpg,0
7215.jpg,0
6149.jpg,0
10676.jpg,0
8517.jpg,0
7849.jpg,0
4707.jpg,0
5933.jpg,0
8712.jpg,0
5770.jpg,0
12693.jpg,0
8337.jpg,0
6307.jpg,0
10703.jpg,0
8141.jpg,0
7756.jpg,0
5437.jpg,0
11723.jpg,0
7244.jpg,0
10942.jpg,0
3664.jpg,0
5426.jpg,0
5578.jpg,0
10655.jpg,0
5202.jpg,0
7072.jpg,0
8250.jpg,0
12263.jpg,0
10361.jpg,0
6269.jpg,0
11846.jpg,0
7573.jpg,0
7797.jpg,0
12163.jpg,0
9726.jpg,0
8789.jpg,0
9237.jpg,0
5531.jpg,0
12587.jpg,0
5891.jpg,0
5999.jpg,0
9802.jpg,0
4209.jpg,0
7186.jpg,0
11454.jpg,0
10675.jpg,0
9990.jpg,0
6157.jpg,0
10085.jpg,0
7614.jpg,0
8107.jpg,0
8535.jpg,0
4660.jpg,0
10569.jpg,0
11332.jpg,0
8572.jpg,0
7821.jpg,0
11711.jpg,0
5521.jpg,0
12391.jpg,0
10526.jpg,0
8925.jpg,0
9764.jpg,0
10915.jpg,0
9185.jpg,0
7323.jpg,0
6526.jpg,0
7040.jpg,0
7339.jpg,0
8628.jpg,0
11770.jpg,0
12183.jpg,0
11491.jpg,0
9484.jpg,0
8256.jpg,0
11518.jpg,0
12664.jpg,0
9719.jpg,0
6655.jpg,0
3668.jpg,0
12285.jpg,0
9586.jpg,0
5110.jpg,0
5289.jpg,0
7688.jpg,0
8994.jpg,0
11734.jpg,0
7106.jpg,0
12442.jpg,0
10692.jpg,0
5558.jpg,0
12003.jpg,0
9152.jpg,0
6323.jpg,0
10317.jpg,0
5582.jpg,0
7285.jpg,0
4185.jpg,0
7393.jpg,0
11841.jpg,0
10233.jpg,0
12255.jpg,0
8544.jpg,0
8382.jpg,0
8638.jpg,0
7410.jpg,0
4916.jpg,0
8259.jpg,0
6160.jpg,0
7118.jpg,0
5099.jpg,0
5647.jpg,0
6294.jpg,0
12001.jpg,0
10328.jpg,0
7782.jpg,0
6130.jpg,0
10950.jpg,0
9268.jpg,0
5441.jpg,0
12508.jpg,0
7313.jpg,0
8192.jpg,0
10295.jpg,0
7249.jpg,0
8491.jpg,0
11546.jpg,0
9091.jpg,0
5553.jpg,0
10450.jpg,0
3816.jpg,0
9119.jpg,0
9067.jpg,0
8202.jpg,0
12309.jpg,0
8924.jpg,0
5317.jpg,0
7505.jpg,0
4494.jpg,0
10669.jpg,0
4999.jpg,0
11150.jpg,0
11761.jpg,0
12661.jpg,0
3658.jpg,0
6194.jpg,0
11799.jpg,0
5820.jpg,0
9064.jpg,0
5637.jpg,0
7203.jpg,0
12588.jpg,0
9632.jpg,0
7683.jpg,0
12427.jpg,0
12264.jpg,0
9544.jpg,0
4987.jpg,0
10835.jpg,0
9475.jpg,0
8964.jpg,0
3757.jpg,0
8703.jpg,0
8587.jpg,0
7907.jpg,0
9712.jpg,0
12235.jpg,0
9184.jpg,0
9483.jpg,0
5517.jpg,0
11085.jpg,0
4440.jpg,0
11733.jpg,0
4133.jpg,0
8942.jpg,0
11129.jpg,0
4173.jpg,0
5059.jpg,0
4941.jpg,0
9472.jpg,0
7728.jpg,0
10072.jpg,0
8956.jpg,0
9474.jpg,0
11644.jpg,0
12764.jpg,0
4408.jpg,0
5286.jpg,0
9663.jpg,0
11989.jpg,0
8709.jpg,0
4213.jpg,0
11274.jpg,0
10082.jpg,0
8031.jpg,0
11303.jpg,0
7240.jpg,0
11923.jpg,0
8364.jpg,0
8150.jpg,0
7613.jpg,0
7711.jpg,0
7971.jpg,0
7116.jpg,0
12735.jpg,0
10783.jpg,0
10990.jpg,0
6564.jpg,0
6726.jpg,0
3712.jpg,0
12736.jpg,0
9714.jpg,0
6563.jpg,0
8751.jpg,0
9072.jpg,0
9822.jpg,0
4958.jpg,0
3920.jpg,0
6748.jpg,0
9225.jpg,0
9653.jpg,0
8686.jpg,0
6100.jpg,0
10128.jpg,0
8527.jpg,0
3767.jpg,0
11926.jpg,0
8898.jpg,0
4543.jpg,0
10470.jpg,0
4373.jpg,0
8280.jpg,0
3996.jpg,0
9409.jpg,0
6315.jpg,0
9759.jpg,0
11569.jpg,0
7052.jpg,0
9968.jpg,0
5149.jpg,0
8073.jpg,0
3766.jpg,0
6185.jpg,0
10923.jpg,0
5490.jpg,0
7383.jpg,0
6107.jpg,0
8601.jpg,0
5719.jpg,0
8771.jpg,0
8871.jpg,0
8135.jpg,0
10590.jpg,0
4497.jpg,0
6568.jpg,0
9933.jpg,0
9478.jpg,0
9458.jpg,0
7326.jpg,0
7898.jpg,0
10954.jpg,0
10622.jpg,0
10421.jpg,0
9876.jpg,0
5498.jpg,0
8810.jpg,0
8880.jpg,0
7174.jpg,0
10546.jpg,0
4041.jpg,0
11773.jpg,0
6251.jpg,0
8626.jpg,0
10411.jpg,0
6175.jpg,0
11428.jpg,0
12049.jpg,0
7172.jpg,0
12705.jpg,1
3943.jpg,0
10511.jpg,0
12760.jpg,1
10453.jpg,0
6889.jpg,0
6441.jpg,0
4695.jpg,0
5780.jpg,0
6738.jpg,0
5843.jpg,0
6927.jpg,0
9471.jpg,0
11368.jpg,0
6178.jpg,0
10234.jpg,0
4726.jpg,0
8508.jpg,0
11892.jpg,0
6712.jpg,0
7903.jpg,0
6906.jpg,0
4420.jpg,0
5540.jpg,0
7693.jpg,0
5180.jpg,0
6182.jpg,0
12425.jpg,0
7850.jpg,0
12185.jpg,0
12638.jpg,0
9554.jpg,0
10447.jpg,0
5177.jpg,0
7468.jpg,0
4204.jpg,0
9375.jpg,0
11484.jpg,0
11345.jpg,0
5228.jpg,0
6276.jpg,0
9965.jpg,0
7684.jpg,0
4584.jpg,0
6931.jpg,0
11986.jpg,0
7103.jpg,0
4988.jpg,0
5246.jpg,0
8698.jpg,0
12316.jpg,0
6512.jpg,0
4166.jpg,0
3926.jpg,0
11449.jpg,0
7530.jpg,0
11094.jpg,0
5465.jpg,0
10757.jpg,0
10896.jpg,0
4529.jpg,0
9121.jpg,0
4097.jpg,0
11874.jpg,0
6619.jpg,0
10903.jpg,0
4641.jpg,0
10461.jpg,0
4772.jpg,0
4541.jpg,0
10338.jpg,0
6701.jpg,0
7640.jpg,0
10892.jpg,0
6735.jpg,0
8022.jpg,0
10547.jpg,0
3734.jpg,0
8440.jpg,0
12101.jpg,0
8308.jpg,0
7485.jpg,0
11126.jpg,0
7543.jpg,0
6671.jpg,0
8767.jpg,0
6322.jpg,0
4928.jpg,0
9966.jpg,0
7556.jpg,0
4095.jpg,0
4298.jpg,0
12782.jpg,0
4378.jpg,0
7387.jpg,0
7266.jpg,0
8097.jpg,0
12762.jpg,0
10649.jpg,0
7428.jpg,0
4938.jpg,0
7735.jpg,0
11612.jpg,0
12742.jpg,0
7265.jpg,0
7835.jpg,0
5046.jpg,0
7603.jpg,0
5753.jpg,0
8084.jpg,0
10845.jpg,0
5904.jpg,0
4267.jpg,0
9263.jpg,0
4469.jpg,0
4490.jpg,0
4744.jpg,0
10217.jpg,0
9402.jpg,0
11328.jpg,0
8323.jpg,0
4007.jpg,0
7381.jpg,0
6911.jpg,0
5478.jpg,0
11966.jpg,0
5192.jpg,0
4125.jpg,0
10665.jpg,0
12495.jpg,0
10383.jpg,0
11480.jpg,0
5084.jpg,0
12478.jpg,0
7844.jpg,0
5028.jpg,0
4675.jpg,0
9517.jpg,0
11123.jpg,0
11467.jpg,0
8474.jpg,0
7208.jpg,0
5922.jpg,0
6939.jpg,0
8012.jpg,0
11442.jpg,0
5677.jpg,0
4580.jpg,0
12056.jpg,0
11621.jpg,0
12136.jpg,0
11169.jpg,0
12619.jpg,1
5797.jpg,0
4597.jpg,0
8208.jpg,0
6246.jpg,0
10127.jpg,0
8174.jpg,0
10958.jpg,0
10335.jpg,0
10700.jpg,0
11757.jpg,0
5428.jpg,0
6902.jpg,0
9700.jpg,0
10071.jpg,0
7635.jpg,0
4291.jpg,0
7525.jpg,0
9357.jpg,0
5655.jpg,0
11967.jpg,0
5071.jpg,0
6255.jpg,0
11611.jpg,0
4315.jpg,0
8654.jpg,0
8477.jpg,0
11161.jpg,0
12366.jpg,0
9056.jpg,0
7857.jpg,0
4161.jpg,0
11042.jpg,0
7626.jpg,0
11502.jpg,0
6247.jpg,0
5687.jpg,0
3773.jpg,0
3905.jpg,0
6806.jpg,0
11769.jpg,0
9986.jpg,0
4807.jpg,0
12157.jpg,0
3922.jpg,0
12104.jpg,0
7894.jpg,0
6325.jpg,0
7263.jpg,0
8839.jpg,0
9758.jpg,0
4199.jpg,0
10180.jpg,0
12614.jpg,0
10168.jpg,0
7237.jpg,0
12390.jpg,0
11903.jpg,0
11946.jpg,0
4176.jpg,0
12083.jpg,0
3990.jpg,0
4651.jpg,0
9711.jpg,0
9013.jpg,0
9796.jpg,0
9781.jpg,0
9333.jpg,0
4902.jpg,0
8548.jpg,0
4687.jpg,0
4018.jpg,0
4880.jpg,0
11620.jpg,0
5571.jpg,0
10768.jpg,0
11476.jpg,0
11284.jpg,0
7147.jpg,0
11064.jpg,0
3842.jpg,0
10055.jpg,0
7160.jpg,0
7400.jpg,0
8235.jpg,0
9289.jpg,0
9385.jpg,0
8200.jpg,0
4965.jpg,0
3969.jpg,0
7825.jpg,0
11715.jpg,0
11465.jpg,0
6259.jpg,0
5129.jpg,0
4669.jpg,0
5417.jpg,0
4705.jpg,0
4249.jpg,0
7443.jpg,0
12412.jpg,0
12516.jpg,0
11830.jpg,0
9757.jpg,0
5346.jpg,0
8407.jpg,0
9568.jpg,0
7983.jpg,0
3772.jpg,0
5423.jpg,0
8772.jpg,0
4126.jpg,0
12300.jpg,0
10615.jpg,0
11495.jpg,0
12189.jpg,0
8819.jpg,0
4042.jpg,0
6658.jpg,0
11958.jpg,0
4559.jpg,0
4864.jpg,0
7535.jpg,0
3853.jpg,0
7246.jpg,0
7262.jpg,0
5240.jpg,0
6567.jpg,0
5699.jpg,0
6895.jpg,0
9109.jpg,0
7678.jpg,0
3796.jpg,0
11674.jpg,0
12324.jpg,0
8045.jpg,0
12369.jpg,0
5264.jpg,0
5670.jpg,0
8746.jpg,0
12534.jpg,0
6119.jpg,0
7284.jpg,0
7022.jpg,0
5104.jpg,0
5445.jpg,0
3756.jpg,0
12501.jpg,0
9206.jpg,0
11960.jpg,0
8743.jpg,0
10614.jpg,0
4300.jpg,0
6828.jpg,0
8595.jpg,0
8816.jpg,0
11692.jpg,0
12790.jpg,0
6474.jpg,0
7230.jpg,0
10993.jpg,0
7297.jpg,0
4723.jpg,0
10393.jpg,0
4468.jpg,0
12089.jpg,0
4160.jpg,0
11660.jpg,0
9456.jpg,0
12578.jpg,0
5196.jpg,0
8307.jpg,0
8196.jpg,0
8172.jpg,0
8062.jpg,0
9518.jpg,0
10255.jpg,0
11281.jpg,0
12794.jpg,0
5538.jpg,0
4574.jpg,0
8904.jpg,0
11589.jpg,0
6177.jpg,0
8963.jpg,0
6755.jpg,0
8113.jpg,0
8936.jpg,0
8582.jpg,0
5606.jpg,0
9347.jpg,0
4752.jpg,0
9324.jpg,0
6406.jpg,0
8718.jpg,0
6461.jpg,0
4578.jpg,0
9874.jpg,0
9975.jpg,0
8528.jpg,0
6200.jpg,0
6881.jpg,0
11461.jpg,0
9326.jpg,0
7078.jpg,0
7912.jpg,0
5908.jpg,0
12291.jpg,0
9566.jpg,0
5239.jpg,0
4398.jpg,0
6605.jpg,0
8727.jpg,0
6972.jpg,0
6527.jpg,0
11912.jpg,0
10305.jpg,0
9853.jpg,0
4817.jpg,0
5708.jpg,0
4359.jpg,0
3677.jpg,0
11496.jpg,0
4445.jpg,0
9145.jpg,0
11330.jpg,0
10102.jpg,0
12620.jpg,0
10770.jpg,0
4961.jpg,0
8100.jpg,0
4796.jpg,0
9779.jpg,0
7234.jpg,0
6600.jpg,0
8131.jpg,0
7488.jpg,0
8001.jpg,0
7475.jpg,0
5658.jpg,0
12611.jpg,0
12340.jpg,0
7585.jpg,0
8559.jpg,0
8343.jpg,0
11532.jpg,0
6264.jpg,0
5592.jpg,0
3952.jpg,0
7520.jpg,0
5564.jpg,0
3876.jpg,0
11151.jpg,0
3802.jpg,0
9175.jpg,0
3946.jpg,0
6438.jpg,0
4703.jpg,0
8287.jpg,0
10671.jpg,0
10563.jpg,0
6092.jpg,0
4787.jpg,0
4065.jpg,0
4392.jpg,0
5100.jpg,0
7896.jpg,0
10086.jpg,0
12662.jpg,0
6204.jpg,0
5990.jpg,0
3885.jpg,0
11180.jpg,0
8666.jpg,0
12325.jpg,0
6769.jpg,0
6596.jpg,0
11696.jpg,0
12698.jpg,0
7148.jpg,0
10239.jpg,0
6010.jpg,0
4973.jpg,0
8482.jpg,0
3843.jpg,0
9856.jpg,0
10015.jpg,0
10602.jpg,0
6997.jpg,0
8324.jpg,0
12503.jpg,0
9505.jpg,0
9708.jpg,0
3951.jpg,0
6233.jpg,0
12046.jpg,0
6607.jpg,0
4978.jpg,0
12795.jpg,0
10513.jpg,0
4156.jpg,0
5502.jpg,0
4849.jpg,0
10824.jpg,0
12618.jpg,0
4151.jpg,0
9193.jpg,0
7869.jpg,0
7027.jpg,0
11519.jpg,0
5584.jpg,0
3959.jpg,0
10940.jpg,0
10849.jpg,0
5472.jpg,0
8716.jpg,0
3814.jpg,0
10441.jpg,0
10348.jpg,0
5385.jpg,0
9936.jpg,0
10888.jpg,0
9078.jpg,0
9095.jpg,0
3719.jpg,0
5284.jpg,0
4212.jpg,0
11048.jpg,0
4617.jpg,0
8336.jpg,0
8433.jpg,0
11596.jpg,0
11999.jpg,0
12689.jpg,0
3813.jpg,0
5007.jpg,0
7333.jpg,0
5532.jpg,0
9765.jpg,0
12010.jpg,0
4696.jpg,0
5108.jpg,0
7146.jpg,0
7947.jpg,0
10843.jpg,0
7654.jpg,0
6552.jpg,0
5788.jpg,0
4847.jpg,0
11886.jpg,0
6131.jpg,0
10040.jpg,0
5078.jpg,0
6767.jpg,0
6651.jpg,0
4751.jpg,0
4372.jpg,0
9480.jpg,0
8505.jpg,0
9490.jpg,0
7669.jpg,0
4190.jpg,0
7023.jpg,0
12174.jpg,0
9211.jpg,0
5806.jpg,0
12745.jpg,0
6481.jpg,0
7377.jpg,0
3723.jpg,0
5859.jpg,0
6975.jpg,0
5456.jpg,0
11127.jpg,0
5447.jpg,0
9189.jpg,0
12805.jpg,0
6849.jpg,0
8762.jpg,0
11649.jpg,0
3980.jpg,0
6138.jpg,0
7142.jpg,0
5233.jpg,0
8021.jpg,0
10209.jpg,0
6471.jpg,0
7619.jpg,0
6967.jpg,0
7660.jpg,0
7453.jpg,0
5208.jpg,0
10651.jpg,0
4128.jpg,0
9736.jpg,0
11391.jpg,0
9513.jpg,0
5580.jpg,0
6113.jpg,0
8765.jpg,0
11395.jpg,0
6590.jpg,0
4753.jpg,0
5205.jpg,0
3948.jpg,0
10282.jpg,0
10406.jpg,0
5547.jpg,0
5359.jpg,0
10423.jpg,0
6490.jpg,0
10035.jpg,0
9993.jpg,0
12482.jpg,0
6121.jpg,0
11473.jpg,0
7290.jpg,0
5609.jpg,0
11498.jpg,0
5229.jpg,0
8770.jpg,0
7168.jpg,0
5453.jpg,0
5194.jpg,0
6162.jpg,0
11976.jpg,0
9309.jpg,0
6973.jpg,0
5135.jpg,0
8760.jpg,0
10708.jpg,0
11576.jpg,0
11640.jpg,0
8401.jpg,0
7291.jpg,0
5950.jpg,0
11426.jpg,0
7298.jpg,0
7905.jpg,0
12562.jpg,0
4002.jpg,0
9659.jpg,0
9501.jpg,0
5338.jpg,0
5480.jpg,0
6612.jpg,0
6368.jpg,0
12250.jpg,0
5504.jpg,0
8532.jpg,0
9686.jpg,0
10658.jpg,0
4407.jpg,0
4947.jpg,0
6360.jpg,0
8541.jpg,0
5716.jpg,0
11012.jpg,0
11931.jpg,0
4531.jpg,0
6475.jpg,0
10070.jpg,0
6345.jpg,0
5383.jpg,0
8480.jpg,0
9960.jpg,0
7569.jpg,0
6876.jpg,0
12356.jpg,0
11045.jpg,0
7866.jpg,0
12033.jpg,0
9541.jpg,0
8927.jpg,0
10292.jpg,0
5471.jpg,0
9587.jpg,0
6232.jpg,0
8027.jpg,0
6254.jpg,0
9269.jpg,0
8056.jpg,0
8123.jpg,0
6093.jpg,0
12121.jpg,0
12605.jpg,0
8171.jpg,0
4444.jpg,0
10927.jpg,0
12379.jpg,0
3857.jpg,0
11805.jpg,0
7403.jpg,0
7718.jpg,0
5838.jpg,0
9537.jpg,0
4004.jpg,0
11329.jpg,0
8423.jpg,0
9971.jpg,0
5301.jpg,0
8047.jpg,0
4943.jpg,0
5485.jpg,0
12806.jpg,0
9848.jpg,0
12747.jpg,0
10056.jpg,0
11132.jpg,0
7860.jpg,0
6279.jpg,0
10486.jpg,0
9298.jpg,0
11351.jpg,0
12639.jpg,0
9644.jpg,0
12569.jpg,0
6583.jpg,0
5484.jpg,0
8357.jpg,0
8855.jpg,0
5248.jpg,0
12608.jpg,0
7341.jpg,0
8381.jpg,0
9104.jpg,0
8058.jpg,0
5418.jpg,0
10805.jpg,0
4785.jpg,0
9403.jpg,0
8790.jpg,0
11001.jpg,0
8462.jpg,0
8891.jpg,0
5756.jpg,0
7092.jpg,0
9531.jpg,0
10199.jpg,0
6503.jpg,0
8912.jpg,0
5321.jpg,0
7031.jpg,0
6867.jpg,0
9837.jpg,0
8930.jpg,0
10580.jpg,0
9492.jpg,0
4993.jpg,0
8611.jpg,0
5515.jpg,0
8195.jpg,0
5961.jpg,0
7402.jpg,0
10286.jpg,0
3871.jpg,0
11884.jpg,0
3776.jpg,0
11955.jpg,0
7369.jpg,0
6193.jpg,0
7450.jpg,0
3915.jpg,0
5065.jpg,0
12423.jpg,0
4472.jpg,0
12342.jpg,0
12397.jpg,0
9716.jpg,0
10900.jpg,0
4322.jpg,0
6005.jpg,0
5676.jpg,0
10539.jpg,0
7813.jpg,0
8834.jpg,0
9166.jpg,0
12449.jpg,0
6248.jpg,0
6934.jpg,0
6819.jpg,0
4640.jpg,0
5603.jpg,0
9244.jpg,0
10150.jpg,0
6207.jpg,0
4200.jpg,0
12402.jpg,0
10941.jpg,0
4980.jpg,0
10460.jpg,0
6089.jpg,0
6082.jpg,0
11070.jpg,0
5823.jpg,0
6863.jpg,0
9294.jpg,0
8434.jpg,0
7989.jpg,0
7490.jpg,0
11453.jpg,0
3676.jpg,0
9075.jpg,0
7685.jpg,0
11239.jpg,0
9985.jpg,0
6241.jpg,0
7336.jpg,0
4171.jpg,0
5567.jpg,0
12267.jpg,0
9939.jpg,0
5127.jpg,0
3874.jpg,0
9861.jpg,0
10408.jpg,0
7557.jpg,0
11430.jpg,0
6801.jpg,0
7024.jpg,0
6640.jpg,0
12328.jpg,0
12647.jpg,1
10759.jpg,0
9862.jpg,0
10230.jpg,0
6848.jpg,0
5449.jpg,0
11917.jpg,0
11956.jpg,0
9203.jpg,0
11587.jpg,0
5824.jpg,0
8954.jpg,0
11800.jpg,0
5664.jpg,0
8249.jpg,0
8524.jpg,0
6263.jpg,0
10264.jpg,0
6790.jpg,0
10024.jpg,0
5729.jpg,0
9648.jpg,0
9999.jpg,0
7568.jpg,0
12496.jpg,0
4288.jpg,0
8599.jpg,0
11504.jpg,0
9599.jpg,0
7977.jpg,0
9603.jpg,0
6099.jpg,0
4655.jpg,0
9377.jpg,0
12602.jpg,0
6326.jpg,0
6741.jpg,0
7158.jpg,0
9556.jpg,0
4285.jpg,0
5792.jpg,0
4093.jpg,0
10021.jpg,0
7033.jpg,0
6349.jpg,0
10210.jpg,0
7360.jpg,0
11738.jpg,0
9004.jpg,0
8573.jpg,0
8586.jpg,0
5004.jpg,0
11592.jpg,0
10600.jpg,0
11900.jpg,0
11753.jpg,0
11331.jpg,0
6407.jpg,0
8393.jpg,0
6281.jpg,0
4666.jpg,0
7324.jpg,0
4873.jpg,0
11646.jpg,0
7882.jpg,0
4757.jpg,0
12623.jpg,0
11301.jpg,0
10377.jpg,0
4693.jpg,0
4061.jpg,0
5879.jpg,0
11736.jpg,0
12162.jpg,0
7592.jpg,0
7195.jpg,0
4743.jpg,0
4598.jpg,0
11223.jpg,0
6128.jpg,0
4888.jpg,0
4634.jpg,0
10027.jpg,0
9083.jpg,0
5280.jpg,0
8328.jpg,0
7344.jpg,0
5698.jpg,0
6431.jpg,0
6694.jpg,0
11745.jpg,0
7161.jpg,0
7372.jpg,0
7731.jpg,0
7267.jpg,0
7096.jpg,0
6577.jpg,0
6425.jpg,0
3955.jpg,0
10181.jpg,0
10739.jpg,0
7519.jpg,0
9102.jpg,0
9618.jpg,0
4649.jpg,0
8156.jpg,0
8725.jpg,0
11005.jpg,0
8656.jpg,0
4897.jpg,0
7286.jpg,0
7480.jpg,0
9723.jpg,0
8655.jpg,0
8418.jpg,0
8427.jpg,0
10800.jpg,0
9222.jpg,0
4060.jpg,0
10008.jpg,0
5608.jpg,0
11311.jpg,0
8297.jpg,0
5222.jpg,0
11947.jpg,0
10399.jpg,0
3932.jpg,0
11358.jpg,0
10877.jpg,0
7521.jpg,0
8974.jpg,0
11342.jpg,0
8152.jpg,0
6744.jpg,0
10806.jpg,0
5380.jpg,0
12408.jpg,0
5627.jpg,0
4586.jpg,0
5640.jpg,0
9087.jpg,0
6038.jpg,0
9282.jpg,0
6136.jpg,0
4518.jpg,0
5852.jpg,0
11289.jpg,0
4750.jpg,0
5619.jpg,0
5488.jpg,0
10523.jpg,0
3721.jpg,0
6443.jpg,0
4618.jpg,0
9435.jpg,0
5473.jpg,0
7911.jpg,0
11938.jpg,0
7312.jpg,0
11142.jpg,0
7185.jpg,0
10492.jpg,0
5015.jpg,0
4187.jpg,0
9741.jpg,0
12630.jpg,1
10169.jpg,0
12589.jpg,1
11181.jpg,0
10057.jpg,0
6084.jpg,0
9255.jpg,0
9179.jpg,0
7264.jpg,0
5354.jpg,0
6680.jpg,0
8720.jpg,0
12368.jpg,0
6555.jpg,0
8865.jpg,0
6348.jpg,0
5746.jpg,0
10130.jpg,0
8461.jpg,0
12284.jpg,0
4778.jpg,0
8498.jpg,0
12151.jpg,0
7701.jpg,0
6570.jpg,0
9344.jpg,0
5431.jpg,0
5775.jpg,0
9825.jpg,0
5588.jpg,0
3797.jpg,0
10081.jpg,0
4321.jpg,0
6684.jpg,0
6048.jpg,0
6339.jpg,0
7851.jpg,0
11062.jpg,0
8008.jpg,0
5573.jpg,0
11199.jpg,0
8038.jpg,0
10220.jpg,0
12394.jpg,0
12259.jpg,0
12539.jpg,0
12665.jpg,1
5475.jpg,0
12497.jpg,0
4022.jpg,0
6554.jpg,0
7449.jpg,0
5343.jpg,0
7219.jpg,0
10116.jpg,0
5789.jpg,0
12382.jpg,0
11146.jpg,0
12118.jpg,0
4905.jpg,0
11530.jpg,0
8395.jpg,0
9118.jpg,0
8333.jpg,0
4892.jpg,0
5097.jpg,0
3824.jpg,0
5256.jpg,0
5596.jpg,0
12389.jpg,0
9499.jpg,0
7890.jpg,0
10551.jpg,0
10919.jpg,0
10067.jpg,0
5405.jpg,0
5844.jpg,0
9235.jpg,0
6909.jpg,0
3941.jpg,0
5291.jpg,0
12112.jpg,0
7494.jpg,0
11915.jpg,0
9546.jpg,0
11842.jpg,0
12273.jpg,0
7897.jpg,0
9730.jpg,0
4066.jpg,0
8511.jpg,0
3942.jpg,0
10891.jpg,0
4455.jpg,0
7852.jpg,0
10568.jpg,0
12178.jpg,0
6528.jpg,0
4337.jpg,0
4619.jpg,0
5728.jpg,0
10819.jpg,0
7848.jpg,0
5195.jpg,0
7727.jpg,0
6396.jpg,0
10666.jpg,0
11657.jpg,0
4637.jpg,0
10749.jpg,0
11717.jpg,0
11054.jpg,0
10750.jpg,0
12065.jpg,0
9633.jpg,0
12773.jpg,0
11366.jpg,0
8962.jpg,0
7211.jpg,0
11316.jpg,0
7973.jpg,0
10107.jpg,0
12685.jpg,0
8449.jpg,0
5072.jpg,0
10208.jpg,0
10319.jpg,0
4016.jpg,0
5972.jpg,0
11653.jpg,0
4738.jpg,0
11191.jpg,0
5882.jpg,0
8366.jpg,0
5628.jpg,0
6470.jpg,0
8931.jpg,0
11743.jpg,0
10960.jpg,0
6432.jpg,0
7954.jpg,0
7722.jpg,0
9884.jpg,0
5935.jpg,0
9441.jpg,0
10519.jpg,0
4955.jpg,0
11353.jpg,0
10322.jpg,0
11544.jpg,0
5690.jpg,0
9689.jpg,0
11431.jpg,0
8124.jpg,0
4717.jpg,0
3913.jpg,0
12615.jpg,0
5860.jpg,0
4665.jpg,0
11203.jpg,0
9886.jpg,0
5534.jpg,0
10880.jpg,0
9310.jpg,0
9516.jpg,0
6616.jpg,0
9860.jpg,0
6313.jpg,0
11609.jpg,0
8083.jpg,0
6591.jpg,0
3936.jpg,0
8700.jpg,0
3997.jpg,0
4474.jpg,0
8040.jpg,0
9216.jpg,0
11883.jpg,0
11740.jpg,0
7058.jpg,0
8101.jpg,0
7365.jpg,0
6394.jpg,0
11355.jpg,0
3792.jpg,0
11098.jpg,0
11983.jpg,0
4894.jpg,0
9520.jpg,0
4272.jpg,0
10999.jpg,0
12555.jpg,0
7720.jpg,0
10013.jpg,0
5047.jpg,0
4782.jpg,0
6386.jpg,0
7120.jpg,0
6074.jpg,0
11238.jpg,0
6022.jpg,0
8583.jpg,0
8624.jpg,0
11121.jpg,0
12590.jpg,0
12191.jpg,0
8127.jpg,0
8376.jpg,0
5467.jpg,0
11908.jpg,0
10051.jpg,0
4935.jpg,0
8669.jpg,0
12319.jpg,0
6804.jpg,0
10342.jpg,0
10481.jpg,0
12011.jpg,0
10752.jpg,0
4132.jpg,0
10908.jpg,0
9229.jpg,0
6745.jpg,0
7779.jpg,0
3662.jpg,0
9488.jpg,0
6827.jpg,0
5056.jpg,0
4150.jpg,0
7992.jpg,0
9285.jpg,0
3698.jpg,0
10396.jpg,0
8873.jpg,0
7220.jpg,0
4352.jpg,0
11772.jpg,0
7527.jpg,0
8734.jpg,0
12468.jpg,0
7725.jpg,0
7655.jpg,0
9582.jpg,0
8046.jpg,0
9864.jpg,0
4240.jpg,0
5118.jpg,0
5249.jpg,0
8265.jpg,0
7775.jpg,0
6476.jpg,0
3709.jpg,0
7868.jpg,0
12370.jpg,0
10019.jpg,0
12748.jpg,1
7482.jpg,0
3904.jpg,0
12632.jpg,0
12557.jpg,0
5221.jpg,0
4411.jpg,0
3831.jpg,0
10054.jpg,0
9445.jpg,0
5430.jpg,0
8758.jpg,0
8463.jpg,0
8429.jpg,0
5356.jpg,0
8105.jpg,0
6960.jpg,0
4436.jpg,0
6215.jpg,0
12717.jpg,0
9988.jpg,0
7827.jpg,0
9503.jpg,0
9250.jpg,0
6181.jpg,0
6110.jpg,0
10897.jpg,0
11310.jpg,0
4145.jpg,0
7790.jpg,0
8673.jpg,0
6706.jpg,0
11361.jpg,0
3907.jpg,0
8432.jpg,0
11861.jpg,0
8466.jpg,0
6375.jpg,0
8886.jpg,0
4546.jpg,0
4067.jpg,0
3812.jpg,0
9906.jpg,0
12650.jpg,0
7692.jpg,0
11730.jpg,0
10724.jpg,0
10288.jpg,0
5452.jpg,0
12750.jpg,0
9912.jpg,0
8903.jpg,0
8612.jpg,0
12529.jpg,0
11664.jpg,0
5337.jpg,0
7842.jpg,0
6677.jpg,0
10876.jpg,0
8570.jpg,0
12809.jpg,0
5278.jpg,0
11398.jpg,0
10381.jpg,0
11852.jpg,0
9011.jpg,0
7466.jpg,0
5209.jpg,0
4230.jpg,0
5255.jpg,0
7809.jpg,0
10351.jpg,0
3860.jpg,0
11265.jpg,0
6399.jpg,0
6040.jpg,0
4855.jpg,0
6864.jpg,0
8261.jpg,0
9827.jpg,0
8365.jpg,0
11898.jpg,0
6493.jpg,0
4109.jpg,0
6486.jpg,0
8993.jpg,0
4573.jpg,0
12190.jpg,0
12159.jpg,0
12642.jpg,0
8629.jpg,0
12686.jpg,0
4091.jpg,0
8846.jpg,0
6079.jpg,0
7745.jpg,0
8972.jpg,0
5037.jpg,0
4158.jpg,0
9806.jpg,0
9979.jpg,0
9043.jpg,0
4929.jpg,0
11360.jpg,0
6664.jpg,0
7662.jpg,0
4382.jpg,0
6630.jpg,0
6759.jpg,0
5022.jpg,0
10503.jpg,0
12351.jpg,0
6574.jpg,0
5276.jpg,0
12021.jpg,0
6976.jpg,0
12226.jpg,0
11910.jpg,0
7299.jpg,0
5161.jpg,0
6514.jpg,0
12447.jpg,0
6522.jpg,0
4059.jpg,0
9892.jpg,0
10565.jpg,0
5049.jpg,0
6413.jpg,0
4871.jpg,0
8408.jpg,0
8556.jpg,0
11293.jpg,0
7544.jpg,0
7553.jpg,0
6669.jpg,0
3866.jpg,0
12193.jpg,0
11320.jpg,0
12716.jpg,0
6816.jpg,0
4704.jpg,0
4609.jpg,0
6139.jpg,0
4834.jpg,0
7612.jpg,0
7010.jpg,0
12785.jpg,1
6357.jpg,0
7663.jpg,0
4064.jpg,0
3701.jpg,0
7320.jpg,0
11139.jpg,0
10471.jpg,0
10973.jpg,0
4299.jpg,0
4425.jpg,0
11031.jpg,0
4422.jpg,0
8220.jpg,0
4903.jpg,0
5833.jpg,0
10920.jpg,0
8665.jpg,0
12774.jpg,1
9762.jpg,0
7661.jpg,0
7191.jpg,0
6652.jpg,0
12727.jpg,0
11827.jpg,0
11677.jpg,0
8625.jpg,0
6594.jpg,0
5583.jpg,0
5978.jpg,0
4913.jpg,0
5369.jpg,0
12144.jpg,0
5008.jpg,0
12667.jpg,1
4278.jpg,0
10320.jpg,0
9228.jpg,0
7617.jpg,0
12269.jpg,0
4172.jpg,0
5899.jpg,0
5408.jpg,0
8860.jpg,0
11079.jpg,0
6970.jpg,0
12499.jpg,0
12573.jpg,0
6025.jpg,0
11246.jpg,0
3652.jpg,0
5083.jpg,0
6427.jpg,0
5165.jpg,0
6874.jpg,0
8175.jpg,0
9504.jpg,0
5674.jpg,0
6540.jpg,0
12775.jpg,0
6456.jpg,0
11163.jpg,0
6808.jpg,0
9089.jpg,0
4519.jpg,0
11137.jpg,0
4964.jpg,0
7716.jpg,0
7351.jpg,0
10790.jpg,0
12318.jpg,0
4886.jpg,0
4274.jpg,0
6366.jpg,0
9426.jpg,0
7919.jpg,0
5953.jpg,0
12457.jpg,0
9070.jpg,0
8492.jpg,0
11637.jpg,0
8753.jpg,0
11555.jpg,0
3923.jpg,0
11145.jpg,0
10284.jpg,0
11537.jpg,0
8845.jpg,0
4063.jpg,0
9776.jpg,0
6622.jpg,0
12706.jpg,0
7538.jpg,0
6059.jpg,0
11887.jpg,0
12549.jpg,0
3998.jpg,0
4493.jpg,0
11116.jpg,0
11567.jpg,0
6397.jpg,0
7447.jpg,0
4453.jpg,0
9841.jpg,0
7658.jpg,0
5011.jpg,0
6180.jpg,0
12244.jpg,0
6109.jpg,0
11990.jpg,0
11050.jpg,0
4524.jpg,0
7306.jpg,0
11068.jpg,0
7188.jpg,0
3891.jpg,0
11076.jpg,0
9808.jpg,0
6957.jpg,0
9477.jpg,0
4801.jpg,0
6280.jpg,0
11726.jpg,0
7900.jpg,0
9718.jpg,0
9491.jpg,0
4820.jpg,0
3752.jpg,0
6945.jpg,0
5434.jpg,0
4159.jpg,0
4100.jpg,0
7420.jpg,0
7794.jpg,0
10189.jpg,0
9419.jpg,0
5720.jpg,0
6884.jpg,0
12643.jpg,1
4771.jpg,0
12216.jpg,0
5219.jpg,0
3754.jpg,0
10939.jpg,0
10822.jpg,0
12776.jpg,0
8374.jpg,0
4948.jpg,0
8916.jpg,0
6392.jpg,0
9358.jpg,0
7552.jpg,0
9414.jpg,0
7638.jpg,0
6795.jpg,0
9657.jpg,0
11481.jpg,0
10403.jpg,0
11527.jpg,0
5964.jpg,0
7975.jpg,0
10979.jpg,0
12070.jpg,0
11974.jpg,0
11509.jpg,0
11138.jpg,0
12167.jpg,0
8222.jpg,0
11893.jpg,0
6286.jpg,0
10624.jpg,0
5825.jpg,0
4318.jpg,0
12258.jpg,0
5021.jpg,0
12399.jpg,0
10727.jpg,0
11377.jpg,0
7547.jpg,0
12124.jpg,0
5938.jpg,0
7804.jpg,0
9141.jpg,0
11058.jpg,0
9194.jpg,0
4327.jpg,0
4015.jpg,0
9580.jpg,0
12274.jpg,0
5661.jpg,0
11720.jpg,0
5862.jpg,0
11804.jpg,0
4437.jpg,0
12771.jpg,1
4049.jpg,0
12659.jpg,0
8345.jpg,0
6586.jpg,0
5735.jpg,0
6423.jpg,0
12253.jpg,0
5714.jpg,0
5186.jpg,0
11864.jpg,0
6768.jpg,0
9820.jpg,0
11359.jpg,0
6613.jpg,0
12658.jpg,0
5508.jpg,0
12315.jpg,0
8325.jpg,0
11795.jpg,0
12649.jpg,1
11564.jpg,0
5320.jpg,0
7132.jpg,0
7925.jpg,0
5524.jpg,0
7439.jpg,0
5308.jpg,0
12234.jpg,0
3758.jpg,0
11299.jpg,0
3820.jpg,0
9303.jpg,0
11624.jpg,0
8973.jpg,0
5601.jpg,0
8551.jpg,0
9353.jpg,0
8085.jpg,0
10682.jpg,0
7524.jpg,0
7783.jpg,0
8633.jpg,0
9301.jpg,0
3858.jpg,0
12556.jpg,0
5257.jpg,0
3963.jpg,0
12179.jpg,0
7465.jpg,0
5188.jpg,0
8358.jpg,0
8289.jpg,0
8786.jpg,0
12483.jpg,0
10474.jpg,0
11175.jpg,0
7607.jpg,0
4865.jpg,0
6071.jpg,0
12347.jpg,0
12219.jpg,0
10091.jpg,0
5800.jpg,0
8802.jpg,0
12232.jpg,0
3899.jpg,0
9639.jpg,0
7076.jpg,0
5890.jpg,0
7129.jpg,0
12169.jpg,0
12148.jpg,0
8726.jpg,0
10226.jpg,0
7175.jpg,0
5145.jpg,0
7641.jpg,0
9737.jpg,0
8392.jpg,0
5785.jpg,0
9487.jpg,0
8160.jpg,0
6532.jpg,0
4167.jpg,0
10791.jpg,0
8231.jpg,0
12761.jpg,0
5829.jpg,0
9845.jpg,0
7791.jpg,0
8275.jpg,0
9329.jpg,0
11075.jpg,0
9127.jpg,0
8604.jpg,0
4667.jpg,0
9991.jpg,0
11425.jpg,0
12341.jpg,0
7939.jpg,0
10509.jpg,0
7091.jpg,0
8821.jpg,0
9857.jpg,0
5850.jpg,0
6674.jpg,0
8910.jpg,0
8214.jpg,0
7363.jpg,0
10844.jpg,0
4939.jpg,0
9286.jpg,0
6518.jpg,0
10633.jpg,0
4025.jpg,0
6699.jpg,0
12489.jpg,0
7504.jpg,0
4262.jpg,0
8531.jpg,0
12599.jpg,0
8929.jpg,0
12443.jpg,0
8905.jpg,0
9593.jpg,0
5454.jpg,0
4721.jpg,0
9565.jpg,0
7036.jpg,0
8016.jpg,0
5173.jpg,0
4859.jpg,0
6999.jpg,0
5093.jpg,0
10611.jpg,0
9929.jpg,0
3765.jpg,0
10126.jpg,0
4357.jpg,0
9313.jpg,0
4279.jpg,0
11171.jpg,0
11540.jpg,0
10977.jpg,0
3761.jpg,0
8342.jpg,0
7408.jpg,0
4081.jpg,0
9054.jpg,0
10543.jpg,0
6597.jpg,0
9260.jpg,0
11902.jpg,0
4055.jpg,0
6454.jpg,0
10229.jpg,0
4995.jpg,0
4142.jpg,0
8239.jpg,0
7327.jpg,0
3982.jpg,0
8518.jpg,0
9257.jpg,0
10324.jpg,0
6235.jpg,0
9135.jpg,0
5420.jpg,0
12077.jpg,0
6840.jpg,0
11672.jpg,0
4552.jpg,0
9044.jpg,0
4603.jpg,0
12546.jpg,0
7276.jpg,0
5730.jpg,0
7909.jpg,0
7628.jpg,0
7955.jpg,0
11466.jpg,0
5503.jpg,0
5556.jpg,0
11402.jpg,0
11463.jpg,0
6373.jpg,0
8640.jpg,0
11963.jpg,0
12012.jpg,0
7432.jpg,0
10105.jpg,0
10688.jpg,0
3718.jpg,0
9420.jpg,0
10808.jpg,0
6063.jpg,0
7193.jpg,0
6754.jpg,0
11240.jpg,0
9774.jpg,0
4848.jpg,0
9698.jpg,0
5236.jpg,0
9178.jpg,0
8029.jpg,0
7294.jpg,0
7181.jpg,0
11825.jpg,0
3861.jpg,0
9106.jpg,0
6043.jpg,0
7233.jpg,0
5830.jpg,0
4560.jpg,0
3916.jpg,0
4277.jpg,0
7407.jpg,0
10766.jpg,0
4783.jpg,0
4564.jpg,0
5389.jpg,0
10306.jpg,0
5481.jpg,0
11662.jpg,0
4495.jpg,0
12621.jpg,0
3656.jpg,0
12225.jpg,0
5907.jpg,0
10300.jpg,0
8557.jpg,0
3918.jpg,0
7985.jpg,0
11839.jpg,0
9623.jpg,0
8875.jpg,0
5448.jpg,0
11369.jpg,0
5489.jpg,0
12214.jpg,0
8706.jpg,0
5294.jpg,0
8441.jpg,0
5077.jpg,0
7009.jpg,0
10455.jpg,0
10522.jpg,0
8986.jpg,0
4152.jpg,0
3688.jpg,0
8510.jpg,0
7820.jpg,0
3999.jpg,0
5436.jpg,0
5906.jpg,0
8187.jpg,0
5368.jpg,0
11559.jpg,0
8534.jpg,0
8372.jpg,0
8224.jpg,0
9139.jpg,0
6688.jpg,0
6017.jpg,0
12779.jpg,0
7435.jpg,0
7738.jpg,0
11881.jpg,0
7690.jpg,0
6473.jpg,0
7340.jpg,0
5952.jpg,0
7949.jpg,0
8034.jpg,0
8044.jpg,0
5295.jpg,0
5390.jpg,0
4157.jpg,0
8516.jpg,0
9601.jpg,0
8830.jpg,0
9951.jpg,0
12210.jpg,0
7467.jpg,0
8671.jpg,0
5413.jpg,0
